time,equity
2016-08-15,4000.0
2016-08-16,4000.0
2016-08-17,4000.0
2016-08-18,4000.0
2016-08-19,4000.0
2016-08-22,3975.61
2016-08-23,3944.64
2016-08-24,3944.64
2016-08-25,3944.64
2016-08-26,3944.64
2016-08-29,3944.64
2016-08-30,3944.64
2016-08-31,3930.1400368881227
2016-09-01,3899.1700368881225
2016-09-02,3963.8143619712173
2016-09-05,3963.8143619712173
2016-09-06,3963.8143619712173
2016-09-07,3963.8143619712173
2016-09-08,3963.8143619712173
2016-09-09,3963.8143619712173
2016-09-12,3963.8143619712173
2016-09-13,3963.8143619712173
2016-09-14,3963.8143619712173
2016-09-15,3938.3795793296285
2016-09-16,3907.4095793296283
2016-09-19,3976.1895793296276
2016-09-20,3976.1895793296276
2016-09-21,3976.1895793296276
2016-09-22,3976.1895793296276
2016-09-23,3976.1895793296276
2016-09-26,3976.1895793296276
2016-09-27,3976.1895793296276
2016-09-28,3976.1895793296276
2016-09-29,3976.1895793296276
2016-09-30,3976.1895793296276
2016-10-03,3976.1895793296276
2016-10-04,3976.1895793296276
2016-10-05,3976.1895793296276
2016-10-06,3976.1895793296276
2016-10-07,3976.1895793296276
2016-10-10,3976.1895793296276
2016-10-11,3976.1895793296276
2016-10-12,3976.1895793296276
2016-10-13,3976.1895793296276
2016-10-14,3976.1895793296276
2016-10-17,3976.1895793296276
2016-10-18,3976.1895793296276
2016-10-19,3976.1895793296276
2016-10-20,3976.1895793296276
2016-10-21,3976.1895793296276
2016-10-24,3976.1895793296276
2016-10-25,3976.1895793296276
2016-10-26,3976.1895793296276
2016-10-27,3976.1895793296276
2016-10-28,3976.1895793296276
2016-10-31,3976.1895793296276
2016-11-01,3976.1895793296276
2016-11-02,3976.1895793296276
2016-11-03,3976.1895793296276
2016-11-04,4048.8504796975135
2016-11-07,4048.8504796975135
2016-11-08,4048.8504796975135
2016-11-09,4048.8504796975135
2016-11-10,4048.8504796975135
2016-11-11,4048.8504796975135
2016-11-14,4048.8504796975135
2016-11-15,4048.8504796975135
2016-11-16,4048.8504796975135
2016-11-17,4048.8504796975135
2016-11-18,4048.8504796975135
2016-11-21,4016.2504796975136
2016-11-22,4016.2504796975136
2016-11-23,3991.8604796975137
2016-11-24,3960.8904796975135
2016-11-25,4029.6704796975127
2016-11-28,4029.6704796975127
2016-11-29,4029.6704796975127
2016-11-30,3998.560522142247
2016-12-01,4072.004205184524
2016-12-02,4072.004205184524
2016-12-05,4072.004205184524
2016-12-06,4072.004205184524
2016-12-07,4072.004205184524
2016-12-08,4072.004205184524
2016-12-09,4072.004205184524
2016-12-12,4072.004205184524
2016-12-13,4072.004205184524
2016-12-14,4072.004205184524
2016-12-15,4072.004205184524
2016-12-16,4135.108094568936
2016-12-19,4135.108094568936
2016-12-20,4135.108094568936
2016-12-21,4135.108094568936
2016-12-22,4135.108094568936
2016-12-23,4135.108094568936
2016-12-26,4135.108094568936
2016-12-27,4135.108094568936
2016-12-28,4135.108094568936
2016-12-29,4135.108094568936
2016-12-30,4135.108094568936
2017-01-02,4066.834308355592
2017-01-03,4066.834308355592
2017-01-04,4066.834308355592
2017-01-05,4066.834308355592
2017-01-06,4066.834308355592
2017-01-09,4042.444308355592
2017-01-10,4042.444308355592
2017-01-11,4099.037573454064
2017-01-12,4099.037573454064
2017-01-13,4099.037573454064
2017-01-16,4099.037573454064
2017-01-17,4099.037573454064
2017-01-18,4099.037573454064
2017-01-19,4074.647573454064
2017-01-20,4074.647573454064
2017-01-23,4074.647573454064
2017-01-24,4074.647573454064
2017-01-25,4074.647573454064
2017-01-26,4074.647573454064
2017-01-27,4074.647573454064
2017-01-30,4074.647573454064
2017-01-31,4074.647573454064
2017-02-01,4070.7409409048278
2017-02-02,4070.7409409048278
2017-02-03,4070.7409409048278
2017-02-06,4070.7409409048278
2017-02-07,4070.7409409048278
2017-02-08,4038.140940904828
2017-02-09,4110.540940904827
2017-02-10,4110.540940904827
2017-02-13,4077.940940904827
2017-02-14,4077.940940904827
2017-02-15,4045.340940904827
2017-02-16,4045.340940904827
2017-02-17,4045.340940904827
2017-02-20,4045.340940904827
2017-02-21,4045.340940904827
2017-02-22,4045.340940904827
2017-02-23,4018.1045705530278
2017-02-24,4018.1045705530278
2017-02-27,3989.2856373403188
2017-02-28,3989.2856373403188
2017-03-01,3989.2856373403188
2017-03-02,3989.2856373403188
2017-03-03,3989.2856373403188
2017-03-06,3989.2856373403188
2017-03-07,4048.895637340319
2017-03-08,4048.895637340319
2017-03-09,4048.895637340319
2017-03-10,4048.895637340319
2017-03-13,4048.895637340319
2017-03-14,4048.895637340319
2017-03-15,4048.895637340319
2017-03-16,4048.895637340319
2017-03-17,4121.2956373403185
2017-03-20,4121.2956373403185
2017-03-21,4121.2956373403185
2017-03-22,4121.2956373403185
2017-03-23,4121.2956373403185
2017-03-24,4121.2956373403185
2017-03-27,4121.2956373403185
2017-03-28,4121.2956373403185
2017-03-29,4121.2956373403185
2017-03-30,4121.2956373403185
2017-03-31,4121.2956373403185
2017-04-03,4055.2906373403184
2017-04-04,4055.2906373403184
2017-04-05,4055.2906373403184
2017-04-06,4055.2906373403184
2017-04-07,4055.2906373403184
2017-04-10,4055.2906373403184
2017-04-11,4030.9006373403186
2017-04-12,4030.9006373403186
2017-04-13,4030.9006373403186
2017-04-14,4030.9006373403186
2017-04-17,4102.335260200024
2017-04-18,4102.335260200024
2017-04-19,4102.335260200024
2017-04-20,4102.335260200024
2017-04-21,4102.335260200024
2017-04-24,4102.335260200024
2017-04-25,4102.335260200024
2017-04-26,4102.335260200024
2017-04-27,4102.335260200024
2017-04-28,4102.335260200024
2017-05-01,4078.8129487701713
2017-05-02,4078.8129487701713
2017-05-03,4078.8129487701713
2017-05-04,4078.8129487701713
2017-05-05,4078.8129487701713
2017-05-08,4078.8129487701713
2017-05-09,4078.8129487701713
2017-05-10,4078.8129487701713
2017-05-11,4078.8129487701713
2017-05-12,4078.8129487701713
2017-05-15,4078.8129487701713
2017-05-16,4046.2129487701714
2017-05-17,4118.612948770171
2017-05-18,4118.612948770171
2017-05-19,4118.612948770171
2017-05-22,4118.612948770171
2017-05-23,4118.612948770171
2017-05-24,4118.612948770171
2017-05-25,4118.612948770171
2017-05-26,4118.612948770171
2017-05-29,4192.682454556527
2017-05-30,4192.682454556527
2017-05-31,4192.682454556527
2017-06-01,4135.747701663349
2017-06-02,4135.747701663349
2017-06-05,4135.747701663349
2017-06-06,4135.747701663349
2017-06-07,4103.147701663349
2017-06-08,4103.147701663349
2017-06-09,4103.147701663349
2017-06-12,4103.147701663349
2017-06-13,4103.147701663349
2017-06-14,4078.757701663349
2017-06-15,4078.757701663349
2017-06-16,4078.757701663349
2017-06-19,4078.757701663349
2017-06-20,4078.757701663349
2017-06-21,4078.757701663349
2017-06-22,4078.757701663349
2017-06-23,4078.757701663349
2017-06-26,4078.757701663349
2017-06-27,4078.757701663349
2017-06-28,4078.757701663349
2017-06-29,4151.975498806551
2017-06-30,4151.975498806551
2017-07-03,4143.86160023495
2017-07-04,4143.86160023495
2017-07-05,4143.86160023495
2017-07-06,4143.86160023495
2017-07-07,4143.86160023495
2017-07-10,4143.86160023495
2017-07-12,4143.86160023495
2017-07-13,4111.26160023495
2017-07-14,4184.893987981702
2017-07-17,4184.893987981702
2017-07-18,4184.893987981702
2017-07-19,4184.893987981702
2017-07-20,4184.893987981702
2017-07-21,4184.893987981702
2017-07-24,4184.893987981702
2017-07-25,4184.893987981702
2017-07-26,4184.893987981702
2017-07-27,4184.893987981702
2017-07-28,4184.893987981702
2017-07-31,4184.893987981702
2017-08-01,4164.377794108326
2017-08-02,4164.377794108326
2017-08-03,4164.377794108326
2017-08-04,4164.377794108326
2017-08-07,4164.377794108326
2017-08-08,4164.377794108326
2017-08-09,4164.377794108326
2017-08-10,4164.377794108326
2017-08-11,4164.377794108326
2017-08-14,4164.377794108326
2017-08-15,4240.942747138379
2017-08-16,4240.942747138379
2017-08-17,4240.942747138379
2017-08-18,4240.942747138379
2017-08-21,4240.942747138379
2017-08-22,4240.942747138379
2017-08-23,4240.942747138379
2017-08-24,4240.942747138379
2017-08-25,4240.942747138379
2017-08-28,4240.942747138379
2017-08-29,4240.942747138379
2017-08-30,4208.503280738532
2017-08-31,4208.503280738532
2017-09-01,4186.440537423429
2017-09-04,4186.440537423429
2017-09-05,4186.440537423429
2017-09-06,4186.440537423429
2017-09-07,4186.440537423429
2017-09-08,4186.440537423429
2017-09-11,4186.440537423429
2017-09-12,4186.440537423429
2017-09-13,4186.440537423429
2017-09-14,4186.440537423429
2017-09-15,4186.440537423429
2017-09-18,4186.440537423429
2017-09-19,4186.440537423429
2017-09-20,4186.440537423429
2017-09-21,4186.440537423429
2017-09-22,4186.440537423429
2017-09-25,4186.440537423429
2017-09-26,4186.440537423429
2017-09-27,4186.440537423429
2017-09-28,4186.440537423429
2017-09-29,4186.440537423429
2017-10-02,4186.440537423429
2017-10-03,4260.929496459589
2017-10-04,4260.929496459589
2017-10-05,4260.929496459589
2017-10-06,4260.929496459589
2017-10-09,4260.929496459589
2017-10-10,4260.929496459589
2017-10-11,4260.929496459589
2017-10-12,4260.929496459589
2017-10-13,4260.929496459589
2017-10-16,4260.929496459589
2017-10-17,4226.699496459589
2017-10-18,4301.072372301007
2017-10-19,4301.072372301007
2017-10-20,4301.072372301007
2017-10-23,4301.072372301007
2017-10-24,4301.072372301007
2017-10-25,4301.072372301007
2017-10-26,4301.072372301007
2017-10-27,4271.512985603526
2017-10-30,4271.512985603526
2017-10-31,4238.992985603527
2017-11-01,4288.110452966834
2017-11-02,4288.110452966834
2017-11-03,4288.110452966834
2017-11-06,4255.590452966834
2017-11-07,4255.590452966834
2017-11-08,4255.590452966834
2017-11-09,4255.590452966834
2017-11-10,4255.590452966834
2017-11-13,4255.590452966834
2017-11-14,4255.590452966834
2017-11-15,4255.590452966834
2017-11-17,4331.610452966834
2017-11-20,4331.610452966834
2017-11-21,4331.610452966834
2017-11-22,4331.610452966834
2017-11-23,4331.610452966834
2017-11-24,4331.610452966834
2017-11-27,4331.610452966834
2017-11-28,4331.610452966834
2017-11-29,4331.610452966834
2017-11-30,4331.610452966834
2017-12-01,4272.163607240156
2017-12-04,4272.163607240156
2017-12-05,4272.163607240156
2017-12-06,4272.163607240156
2017-12-07,4272.163607240156
2017-12-08,4272.163607240156
2017-12-11,4272.163607240156
2017-12-12,4272.163607240156
2017-12-13,4272.163607240156
2017-12-14,4242.983372673728
2017-12-15,4210.559612218851
2017-12-18,4210.559612218851
2017-12-19,4186.169612218851
2017-12-20,4186.169612218851
2017-12-21,4186.169612218851
2017-12-22,4186.169612218851
2017-12-25,4186.169612218851
2017-12-26,4186.169612218851
2017-12-27,4186.169612218851
2017-12-28,4186.169612218851
2017-12-29,4257.7815325542115
2018-01-01,4257.7815325542115
2018-01-02,4257.7815325542115
2018-01-03,4257.7815325542115
2018-01-04,4257.7815325542115
2018-01-05,4257.7815325542115
2018-01-08,4257.7815325542115
2018-01-09,4257.7815325542115
2018-01-10,4257.7815325542115
2018-01-11,4257.7815325542115
2018-01-12,4257.7815325542115
2018-01-15,4257.7815325542115
2018-01-16,4257.7815325542115
2018-01-17,4257.7815325542115
2018-01-18,4257.7815325542115
2018-01-19,4257.7815325542115
2018-01-22,4257.7815325542115
2018-01-23,4257.7815325542115
2018-01-24,4257.7815325542115
2018-01-25,4257.7815325542115
2018-01-26,4257.7815325542115
2018-01-29,4257.7815325542115
2018-01-30,4257.7815325542115
2018-01-31,4257.7815325542115
2018-02-01,4257.7815325542115
2018-02-02,4257.7815325542115
2018-02-05,4257.7815325542115
2018-02-06,4257.7815325542115
2018-02-07,4257.7815325542115
2018-02-08,4233.391532554212
2018-02-09,4233.391532554212
2018-02-12,4233.391532554212
2018-02-13,4233.391532554212
2018-02-14,4233.391532554212
2018-02-15,4233.391532554212
2018-02-16,4307.70646168531
2018-02-19,4307.70646168531
2018-02-20,4307.70646168531
2018-02-21,4273.47646168531
2018-02-22,4239.246461685309
2018-02-23,4214.85646168531
2018-02-26,4214.85646168531
2018-02-27,4214.85646168531
2018-02-28,4214.85646168531
2018-03-01,4214.85646168531
2018-03-02,4214.85646168531
2018-03-05,4214.85646168531
2018-03-06,4214.85646168531
2018-03-07,4214.85646168531
2018-03-08,4214.85646168531
2018-03-09,4180.62646168531
2018-03-12,4156.23646168531
2018-03-13,4156.23646168531
2018-03-14,4226.43136759103
2018-03-15,4226.43136759103
2018-03-16,4226.43136759103
2018-03-19,4226.43136759103
2018-03-20,4226.43136759103
2018-03-21,4226.43136759103
2018-03-22,4226.43136759103
2018-03-23,4226.43136759103
2018-03-26,4226.43136759103
2018-03-27,4226.43136759103
2018-03-28,4226.43136759103
2018-03-29,4226.43136759103
2018-03-30,4226.43136759103
2018-04-02,4187.711297923001
2018-04-03,4187.711297923001
2018-04-04,4187.711297923001
2018-04-05,4155.111297923001
2018-04-06,4155.111297923001
2018-04-09,4128.554375222706
2018-04-10,4202.245927769066
2018-04-11,4202.245927769066
2018-04-12,4202.245927769066
2018-04-13,4202.245927769066
2018-04-16,4202.245927769066
2018-04-17,4202.245927769066
2018-04-18,4202.245927769066
2018-04-19,4202.245927769066
2018-04-20,4202.245927769066
2018-04-23,4202.245927769066
2018-04-24,4202.245927769066
2018-04-25,4202.245927769066
2018-04-26,4202.245927769066
2018-04-27,4261.8559277690665
2018-04-30,4261.8559277690665
2018-05-01,4241.249921203618
2018-05-02,4241.249921203618
2018-05-03,4241.249921203618
2018-05-04,4241.249921203618
2018-05-07,4241.249921203618
2018-05-08,4241.249921203618
2018-05-09,4241.249921203618
2018-05-10,4241.249921203618
2018-05-11,4241.249921203618
2018-05-14,4241.249921203618
2018-05-15,4241.249921203618
2018-05-16,4241.249921203618
2018-05-17,4241.249921203618
2018-05-18,4241.249921203618
2018-05-21,4241.249921203618
2018-05-22,4241.249921203618
2018-05-23,4241.249921203618
2018-05-24,4241.249921203618
2018-05-25,4241.249921203618
2018-05-28,4241.249921203618
2018-05-29,4241.249921203618
2018-05-30,4241.249921203618
2018-05-31,4241.249921203618
2018-06-01,4241.249921203618
2018-06-04,4241.249921203618
2018-06-05,4241.249921203618
2018-06-06,4241.249921203618
2018-06-07,4241.249921203618
2018-06-08,4208.46426850815
2018-06-11,4208.46426850815
2018-06-12,4208.46426850815
2018-06-13,4208.46426850815
2018-06-14,4208.46426850815
2018-06-15,4208.46426850815
2018-06-18,4208.46426850815
2018-06-19,4208.46426850815
2018-06-20,4208.46426850815
2018-06-21,4208.46426850815
2018-06-22,4208.46426850815
2018-06-25,4208.46426850815
2018-06-26,4208.46426850815
2018-06-27,4208.46426850815
2018-06-28,4268.07426850815
2018-06-29,4268.07426850815
2018-07-02,4254.662094855885
2018-07-03,4254.662094855885
2018-07-04,4254.662094855885
2018-07-05,4254.662094855885
2018-07-06,4220.432094855884
2018-07-09,4220.432094855884
2018-07-10,4220.432094855884
2018-07-11,4220.432094855884
2018-07-12,4220.432094855884
2018-07-13,4296.452094855884
2018-07-16,4296.452094855884
2018-07-17,4263.043817159004
2018-07-18,4263.043817159004
2018-07-19,4263.043817159004
2018-07-20,4263.043817159004
2018-07-23,4263.043817159004
2018-07-24,4263.043817159004
2018-07-25,4263.043817159004
2018-07-26,4238.653817159005
2018-07-27,4206.6698881022685
2018-07-30,4206.6698881022685
2018-07-31,4175.891266607365
2018-08-01,4175.891266607365
2018-08-02,4175.891266607365
2018-08-03,4175.891266607365
2018-08-06,4175.891266607365
2018-08-07,4175.891266607365
2018-08-08,4175.891266607365
2018-08-09,4175.891266607365
2018-08-10,4175.891266607365
2018-08-13,4175.891266607365
2018-08-14,4175.891266607365
2018-08-15,4175.891266607365
2018-08-16,4175.891266607365
2018-08-17,4175.891266607365
2018-08-20,4175.891266607365
2018-08-21,4175.891266607365
2018-08-22,4175.891266607365
2018-08-23,4145.836184218203
2018-08-24,4145.836184218203
2018-08-27,4115.766952659937
2018-08-28,4190.519177196334
2018-08-29,4190.519177196334
2018-08-30,4190.519177196334
2018-08-31,4190.519177196334
2018-09-03,4183.20522190185
2018-09-04,4183.20522190185
2018-09-05,4150.605221901849
2018-09-06,4150.605221901849
2018-09-07,4150.605221901849
2018-09-10,4227.021773188519
2018-09-11,4227.021773188519
2018-09-12,4227.021773188519
2018-09-13,4227.021773188519
2018-09-14,4227.021773188519
2018-09-17,4227.021773188519
2018-09-18,4227.021773188519
2018-09-19,4227.021773188519
2018-09-20,4227.021773188519
2018-09-21,4227.021773188519
2018-09-24,4227.021773188519
2018-09-25,4227.021773188519
2018-09-26,4227.021773188519
2018-09-27,4227.021773188519
2018-09-28,4227.021773188519
2018-10-01,4279.962540555552
2018-10-02,4279.962540555552
2018-10-03,4279.962540555552
2018-10-04,4279.962540555552
2018-10-05,4279.962540555552
2018-10-08,4279.962540555552
2018-10-09,4247.362980792819
2018-10-10,4247.362980792819
2018-10-11,4247.362980792819
2018-10-12,4247.362980792819
2018-10-15,4247.362980792819
2018-10-16,4213.132980792819
2018-10-17,4183.49876015816
2018-10-18,4183.49876015816
2018-10-19,4257.431007202739
2018-10-22,4257.431007202739
2018-10-23,4257.431007202739
2018-10-24,4257.431007202739
2018-10-25,4257.431007202739
2018-10-26,4257.431007202739
2018-10-29,4257.431007202739
2018-10-30,4257.431007202739
2018-10-31,4257.431007202739
2018-11-01,4231.272252373961
2018-11-02,4231.272252373961
2018-11-05,4231.272252373961
2018-11-06,4231.272252373961
2018-11-07,4297.004690513113
2018-11-08,4297.004690513113
2018-11-09,4297.004690513113
2018-11-12,4297.004690513113
2018-11-13,4266.026909741025
2018-11-14,4266.026909741025
2018-11-15,4235.212620929899
2018-11-16,4235.212620929899
2018-11-19,4210.822620929899
2018-11-20,4210.822620929899
2018-11-21,4210.822620929899
2018-11-22,4210.822620929899
2018-11-23,4210.822620929899
2018-11-26,4210.822620929899
2018-11-27,4210.822620929899
2018-11-28,4210.822620929899
2018-11-29,4210.822620929899
2018-11-30,4210.822620929899
2018-12-03,4210.822620929899
2018-12-04,4210.822620929899
2018-12-05,4210.822620929899
2018-12-06,4210.822620929899
2018-12-07,4210.822620929899
2018-12-10,4210.822620929899
2018-12-11,4210.822620929899
2018-12-12,4210.822620929899
2018-12-13,4210.822620929899
2018-12-14,4210.822620929899
2018-12-17,4210.822620929899
2018-12-18,4210.822620929899
2018-12-19,4210.822620929899
2018-12-20,4210.822620929899
2018-12-21,4210.822620929899
2018-12-24,4176.592620929899
2018-12-25,4143.992620929898
2018-12-26,4143.992620929898
2018-12-27,4113.24678844034
2018-12-28,4080.6467884403405
2018-12-31,4080.6467884403405
2019-01-01,4080.6467884403405
2019-01-02,4053.2399709324372
2019-01-03,4053.2399709324372
2019-01-04,4028.8499709324374
2019-01-07,4028.8499709324374
2019-01-08,4028.8499709324374
2019-01-09,4028.8499709324374
2019-01-10,4028.8499709324374
2019-01-11,4028.8499709324374
2019-01-14,4028.8499709324374
2019-01-15,4028.8499709324374
2019-01-16,4028.8499709324374
2019-01-17,4088.4599709324375
2019-01-18,4088.4599709324375
2019-01-21,4088.4599709324375
2019-01-22,4088.4599709324375
2019-01-23,4088.4599709324375
2019-01-24,4088.4599709324375
2019-01-25,4088.4599709324375
2019-01-28,4088.4599709324375
2019-01-29,4088.4599709324375
2019-01-30,4088.4599709324375
2019-01-31,4088.4599709324375
2019-02-01,4084.5533796863892
2019-02-04,4084.5533796863892
2019-02-05,4084.5533796863892
2019-02-06,4156.953379686389
2019-02-07,4156.953379686389
2019-02-08,4156.953379686389
2019-02-11,4156.953379686389
2019-02-12,4156.953379686389
2019-02-13,4156.953379686389
2019-02-14,4156.953379686389
2019-02-15,4156.953379686389
2019-02-18,4156.953379686389
2019-02-19,4156.953379686389
2019-02-20,4156.953379686389
2019-02-21,4156.953379686389
2019-02-22,4132.563379686389
2019-02-25,4132.563379686389
2019-02-26,4132.563379686389
2019-02-27,4132.563379686389
2019-02-28,4132.563379686389
2019-03-01,4108.558379686389
2019-03-04,4108.558379686389
2019-03-05,4108.558379686389
2019-03-06,4108.558379686389
2019-03-07,4108.558379686389
2019-03-08,4108.558379686389
2019-03-11,4176.707633230393
2019-03-12,4176.707633230393
2019-03-13,4152.317633230394
2019-03-14,4121.152201288854
2019-03-15,4121.152201288854
2019-03-18,4096.762201288854
2019-03-19,4096.762201288854
2019-03-20,4096.762201288854
2019-03-21,4096.762201288854
2019-03-22,4064.1622012888542
2019-03-25,4064.1622012888542
2019-03-26,4031.5622012888543
2019-03-27,4031.5622012888543
2019-03-28,4031.5622012888543
2019-03-29,4100.23200949403
2019-04-01,4100.23200949403
2019-04-02,4100.23200949403
2019-04-03,4100.23200949403
2019-04-04,4100.23200949403
2019-04-05,4068.7924615134607
2019-04-08,4068.7924615134607
2019-04-09,4068.7924615134607
2019-04-10,4068.7924615134607
2019-04-11,4068.7924615134607
2019-04-12,4068.7924615134607
2019-04-15,4068.7924615134607
2019-04-16,4060.5120046653165
2019-04-17,4027.9120046653165
2019-04-18,4027.9120046653165
2019-04-19,4027.9120046653165
2019-04-22,4027.9120046653165
2019-04-23,4027.9120046653165
2019-04-24,4091.6895597430407
2019-04-25,4091.6895597430407
2019-04-26,4091.6895597430407
2019-04-29,4091.6895597430407
2019-04-30,4091.6895597430407
2019-05-01,4091.6895597430407
2019-05-02,4091.6895597430407
2019-05-03,4158.6054528953055
2019-05-06,4158.6054528953055
2019-05-07,4158.6054528953055
2019-05-08,4158.6054528953055
2019-05-09,4158.6054528953055
2019-05-10,4126.005452895305
2019-05-13,4126.005452895305
2019-05-14,4126.005452895305
2019-05-15,4126.005452895305
2019-05-16,4126.005452895305
2019-05-17,4126.005452895305
2019-05-20,4126.005452895305
2019-05-21,4126.005452895305
2019-05-23,4126.005452895305
2019-05-24,4126.005452895305
2019-05-27,4126.005452895305
2019-05-28,4126.005452895305
2019-05-29,4126.005452895305
2019-05-30,4126.005452895305
2019-05-31,4126.005452895305
2019-06-03,4108.847506319173
2019-06-04,4108.847506319173
2019-06-05,4108.847506319173
2019-06-06,4108.847506319173
2019-06-07,4108.847506319173
2019-06-10,4108.847506319173
2019-06-11,4078.191802964712
2019-06-12,4045.5918029647123
2019-06-13,4017.9136003892622
2019-06-14,4017.9136003892622
2019-06-17,4090.3136003892614
2019-06-18,4090.3136003892614
2019-06-19,4090.3136003892614
2019-06-20,4090.3136003892614
2019-06-21,4162.713600389261
2019-06-24,4162.713600389261
2019-06-25,4162.713600389261
2019-06-26,4162.713600389261
2019-06-27,4162.713600389261
2019-06-28,4162.713600389261
2019-07-01,4103.1805533542165
2019-07-02,4070.6303811833986
2019-07-03,4070.6303811833986
2019-07-04,4070.6303811833986
2019-07-05,4144.61432101908
2019-07-08,4144.61432101908
2019-07-09,4144.61432101908
2019-07-10,4144.61432101908
2019-07-11,4144.61432101908
2019-07-12,4144.61432101908
2019-07-15,4144.61432101908
2019-07-16,4144.61432101908
2019-07-17,4144.61432101908
2019-07-18,4144.61432101908
2019-07-19,4144.61432101908
2019-07-22,4112.01432101908
2019-07-23,4182.822803090349
2019-07-24,4182.822803090349
2019-07-25,4182.822803090349
2019-07-26,4182.822803090349
2019-07-29,4182.822803090349
2019-07-30,4182.822803090349
2019-07-31,4182.822803090349
2019-08-01,4159.301678222283
2019-08-02,4159.301678222283
2019-08-05,4159.301678222283
2019-08-06,4159.301678222283
2019-08-07,4159.301678222283
2019-08-08,4159.301678222283
2019-08-09,4159.301678222283
2019-08-12,4159.301678222283
2019-08-13,4159.301678222283
2019-08-14,4159.301678222283
2019-08-15,4159.301678222283
2019-08-16,4159.301678222283
2019-08-19,4159.301678222283
2019-08-20,4127.539794095672
2019-08-21,4094.939794095672
2019-08-22,4064.478998198574
2019-08-23,4064.478998198574
2019-08-26,4064.478998198574
2019-08-27,4064.478998198574
2019-08-28,4064.478998198574
2019-08-29,4064.478998198574
2019-08-30,4064.478998198574
2019-09-02,4064.478998198574
2019-09-03,4135.387979447839
2019-09-04,4135.387979447839
2019-09-05,4135.387979447839
2019-09-06,4135.387979447839
2019-09-09,4135.387979447839
2019-09-10,4135.387979447839
2019-09-11,4135.387979447839
2019-09-12,4135.387979447839
2019-09-13,4194.9979794478395
2019-09-16,4194.9979794478395
2019-09-17,4194.9979794478395
2019-09-18,4194.9979794478395
2019-09-19,4194.9979794478395
2019-09-20,4194.9979794478395
2019-09-23,4194.9979794478395
2019-09-24,4194.9979794478395
2019-09-25,4194.9979794478395
2019-09-26,4194.9979794478395
2019-09-27,4194.9979794478395
2019-09-30,4194.9979794478395
2019-10-01,4201.128784886196
2019-10-02,4201.128784886196
2019-10-03,4201.128784886196
2019-10-04,4201.128784886196
2019-10-07,4201.128784886196
2019-10-08,4201.128784886196
2019-10-09,4201.128784886196
2019-10-10,4201.128784886196
2019-10-11,4201.128784886196
2019-10-14,4260.738784886196
2019-10-15,4260.738784886196
2019-10-16,4260.738784886196
2019-10-17,4260.738784886196
2019-10-18,4260.738784886196
2019-10-21,4260.738784886196
2019-10-22,4260.738784886196
2019-10-23,4260.738784886196
2019-10-24,4260.738784886196
2019-10-25,4260.738784886196
2019-10-28,4260.738784886196
2019-10-29,4260.738784886196
2019-10-30,4260.738784886196
2019-10-31,4260.738784886196
2019-11-01,4195.238636854701
2019-11-04,4195.238636854701
2019-11-05,4195.238636854701
2019-11-06,4195.238636854701
2019-11-07,4195.238636854701
2019-11-08,4270.069920659769
2019-11-11,4270.069920659769
2019-11-12,4270.069920659769
2019-11-13,4270.069920659769
2019-11-14,4270.069920659769
2019-11-15,4270.069920659769
2019-11-18,4346.363800197968
2019-11-19,4346.363800197968
2019-11-20,4346.363800197968
2019-11-21,4346.363800197968
2019-11-22,4346.363800197968
2019-11-25,4346.363800197968
2019-11-26,4314.452240778658
2019-11-27,4280.222240778658
2019-11-28,4249.4924135008
2019-11-29,4220.8254477525215
2019-12-02,4208.032042303612
2019-12-03,4208.032042303612
2019-12-04,4208.032042303612
2019-12-05,4208.032042303612
2019-12-06,4208.032042303612
2019-12-09,4208.032042303612
2019-12-10,4208.032042303612
2019-12-11,4208.032042303612
2019-12-12,4208.032042303612
2019-12-13,4208.032042303612
2019-12-16,4208.032042303612
2019-12-17,4208.032042303612
2019-12-18,4208.032042303612
2019-12-19,4282.659505686048
2019-12-20,4282.659505686048
2019-12-23,4282.659505686048
2019-12-24,4282.659505686048
2019-12-25,4282.659505686048
2019-12-26,4282.659505686048
2019-12-27,4282.659505686048
2019-12-30,4282.659505686048
2019-12-31,4358.679505686047
2020-01-01,4283.35577399483
2020-01-02,4283.35577399483
2020-01-03,4283.35577399483
2020-01-06,4283.35577399483
2020-01-07,4252.731955431544
2020-01-08,4220.20260579701
2020-01-09,4220.20260579701
2020-01-10,4296.222605797009
2020-01-13,4296.222605797009
2020-01-14,4296.222605797009
2020-01-15,4296.222605797009
2020-01-16,4296.222605797009
2020-01-17,4296.222605797009
2020-01-20,4296.222605797009
2020-01-21,4296.222605797009
2020-01-22,4296.222605797009
2020-01-23,4296.222605797009
2020-01-24,4263.70260579701
2020-01-27,4263.70260579701
2020-01-28,4339.722605797009
2020-01-29,4339.722605797009
2020-01-30,4339.722605797009
2020-01-31,4339.722605797009
2020-02-03,4279.289584916097
2020-02-04,4279.289584916097
2020-02-05,4279.289584916097
2020-02-06,4279.289584916097
2020-02-07,4279.289584916097
2020-02-10,4279.289584916097
2020-02-11,4279.289584916097
2020-02-12,4279.289584916097
2020-02-13,4279.289584916097
2020-02-14,4258.791387589437
2020-02-17,4258.791387589437
2020-02-18,4229.828067392518
2020-02-19,4229.828067392518
2020-02-20,4305.848067392518
2020-02-21,4305.848067392518
2020-02-24,4305.848067392518
2020-02-25,4305.848067392518
2020-02-26,4305.848067392518
2020-02-27,4272.808681207628
2020-02-28,4272.808681207628
2020-03-02,4272.808681207628
2020-03-03,4272.808681207628
2020-03-04,4272.808681207628
2020-03-05,4272.808681207628
2020-03-06,4245.013944772427
2020-03-09,4318.688011378055
2020-03-10,4318.688011378055
2020-03-11,4318.688011378055
2020-03-12,4393.752133538554
2020-03-13,4393.752133538554
2020-03-16,4393.752133538554
2020-03-17,4393.752133538554
2020-03-18,4393.752133538554
2020-03-19,4393.752133538554
2020-03-20,4393.752133538554
2020-03-23,4393.752133538554
2020-03-24,4393.752133538554
2020-03-25,4393.752133538554
2020-03-26,4393.752133538554
2020-03-27,4393.752133538554
2020-03-30,4464.079709748651
2020-03-31,4464.079709748651
2020-04-01,4368.44419547814
2020-04-02,4368.44419547814
2020-04-03,4368.44419547814
2020-04-06,4368.44419547814
2020-04-07,4368.44419547814
2020-04-08,4368.44419547814
2020-04-09,4368.44419547814
2020-04-10,4368.44419547814
2020-04-13,4368.44419547814
2020-04-14,4368.44419547814
2020-04-15,4368.44419547814
2020-04-16,4368.44419547814
2020-04-17,4368.44419547814
2020-04-20,4368.44419547814
2020-04-21,4368.44419547814
2020-04-22,4368.44419547814
2020-04-23,4335.92419547814
2020-04-24,4335.92419547814
2020-04-27,4335.92419547814
2020-04-28,4335.92419547814
2020-04-29,4301.69419547814
2020-04-30,4301.69419547814
2020-05-01,4301.69419547814
2020-05-04,4301.69419547814
2020-05-05,4301.69419547814
2020-05-06,4301.69419547814
2020-05-07,4377.714195478139
2020-05-08,4377.714195478139
2020-05-11,4377.714195478139
2020-05-12,4377.714195478139
2020-05-13,4377.714195478139
2020-05-14,4377.714195478139
2020-05-15,4377.714195478139
2020-05-18,4377.714195478139
2020-05-19,4377.714195478139
2020-05-20,4377.714195478139
2020-05-21,4377.714195478139
2020-05-22,4377.714195478139
2020-05-25,4377.714195478139
2020-05-26,4377.714195478139
2020-05-27,4377.714195478139
2020-05-28,4346.070239902387
2020-05-29,4346.070239902387
2020-06-01,4323.882217690263
2020-06-02,4323.882217690263
2020-06-03,4323.882217690263
2020-06-04,4323.882217690263
2020-06-05,4323.882217690263
2020-06-08,4323.882217690263
2020-06-09,4323.882217690263
2020-06-10,4323.882217690263
2020-06-11,4323.882217690263
2020-06-12,4323.882217690263
2020-06-15,4323.882217690263
2020-06-16,4289.502338309761
2020-06-17,4256.982338309762
2020-06-18,4256.982338309762
2020-06-19,4333.002338309761
2020-06-22,4333.002338309761
2020-06-23,4333.002338309761
2020-06-24,4333.002338309761
2020-06-25,4333.002338309761
2020-06-26,4333.002338309761
2020-06-29,4333.002338309761
2020-06-30,4333.002338309761
2020-07-01,4328.442278000012
2020-07-02,4328.442278000012
2020-07-03,4328.442278000012
2020-07-06,4404.462278000012
2020-07-07,4404.462278000012
2020-07-08,4404.462278000012
2020-07-09,4404.462278000012
2020-07-10,4404.462278000012
2020-07-13,4404.462278000012
2020-07-14,4404.462278000012
2020-07-15,4404.462278000012
2020-07-16,4404.462278000012
2020-07-17,4404.462278000012
2020-07-20,4404.462278000012
2020-07-21,4404.462278000012
2020-07-22,4404.462278000012
2020-07-23,4404.462278000012
2020-07-24,4404.462278000012
2020-07-27,4404.462278000012
2020-07-28,4404.462278000012
2020-07-29,4404.462278000012
2020-07-30,4404.462278000012
2020-07-31,4404.462278000012
2020-08-03,4366.452278000012
2020-08-04,4366.452278000012
2020-08-05,4366.452278000012
2020-08-06,4366.452278000012
2020-08-07,4366.452278000012
2020-08-10,4366.452278000012
2020-08-11,4366.452278000012
2020-08-12,4366.452278000012
2020-08-13,4366.452278000012
2020-08-14,4366.452278000012
2020-08-17,4366.452278000012
2020-08-18,4366.452278000012
2020-08-19,4366.452278000012
2020-08-20,4366.452278000012
2020-08-21,4366.452278000012
2020-08-24,4366.452278000012
2020-08-25,4331.041465544577
2020-08-26,4331.041465544577
2020-08-27,4408.59543330238
2020-08-28,4408.59543330238
2020-08-31,4408.59543330238
2020-09-01,4387.523855651196
2020-09-02,4387.523855651196
2020-09-03,4387.523855651196
2020-09-04,4387.523855651196
2020-09-07,4387.523855651196
2020-09-08,4387.523855651196
2020-09-09,4466.167749504173
2020-09-10,4466.167749504173
2020-09-11,4466.167749504173
2020-09-14,4466.167749504173
2020-09-15,4466.167749504173
2020-09-16,4466.167749504173
2020-09-17,4466.167749504173
2020-09-18,4466.167749504173
2020-09-21,4466.167749504173
2020-09-22,4466.167749504173
2020-09-23,4466.167749504173
2020-09-24,4466.167749504173
2020-09-25,4466.167749504173
2020-09-28,4466.167749504173
2020-09-29,4466.167749504173
2020-09-30,4466.167749504173
2020-10-01,4426.8458025776845
2020-10-02,4396.321163827988
2020-10-05,4396.321163827988
2020-10-06,4396.321163827988
2020-10-07,4396.321163827988
2020-10-08,4396.321163827988
2020-10-09,4396.321163827988
2020-10-12,4396.321163827988
2020-10-13,4396.321163827988
2020-10-14,4396.321163827988
2020-10-15,4396.321163827988
2020-10-16,4396.321163827988
2020-10-19,4364.223135925987
2020-10-20,4364.223135925987
2020-10-21,4439.925242301082
2020-10-22,4439.925242301082
2020-10-23,4439.925242301082
2020-10-26,4439.925242301082
2020-10-27,4439.925242301082
2020-10-28,4439.925242301082
2020-10-29,4439.925242301082
2020-10-30,4519.5652423010815
2020-11-02,4473.205522439383
2020-11-03,4473.205522439383
2020-11-04,4473.205522439383
2020-11-05,4440.685522439383
2020-11-06,4408.2499530578925
2020-11-09,4408.2499530578925
2020-11-10,4408.2499530578925
2020-11-11,4408.2499530578925
2020-11-12,4408.2499530578925
2020-11-13,4408.2499530578925
2020-11-16,4408.2499530578925
2020-11-17,4408.2499530578925
2020-11-18,4408.2499530578925
2020-11-19,4408.2499530578925
2020-11-20,4408.2499530578925
2020-11-23,4487.729953057893
2020-11-24,4487.729953057893
2020-11-25,4487.729953057893
2020-11-26,4487.729953057893
2020-11-27,4487.729953057893
2020-11-30,4487.729953057893
2020-12-01,4480.467737748638
2020-12-02,4480.467737748638
2020-12-03,4480.467737748638
2020-12-04,4480.467737748638
2020-12-07,4480.467737748638
2020-12-08,4480.467737748638
2020-12-09,4480.467737748638
2020-12-10,4480.467737748638
2020-12-11,4480.467737748638
2020-12-14,4450.6413089689695
2020-12-15,4450.6413089689695
2020-12-16,4450.6413089689695
2020-12-17,4450.6413089689695
2020-12-18,4450.6413089689695
2020-12-21,4418.12130896897
2020-12-22,4418.12130896897
2020-12-23,4418.12130896897
2020-12-24,4382.261308968969
2020-12-25,4382.261308968969
2020-12-28,4382.261308968969
2020-12-29,4382.261308968969
2020-12-30,4382.261308968969
2020-12-31,4382.261308968969
2021-01-01,4382.261308968969
2021-01-04,4382.261308968969
2021-01-05,4382.261308968969
2021-01-06,4382.261308968969
2021-01-07,4382.261308968969
2021-01-08,4382.261308968969
2021-01-11,4385.88248877854
2021-01-12,4354.32507814466
2021-01-13,4354.32507814466
2021-01-14,4354.32507814466
2021-01-15,4321.805078144661
2021-01-18,4321.805078144661
2021-01-19,4288.942446497059
2021-01-20,4288.942446497059
2021-01-21,4288.942446497059
2021-01-22,4288.942446497059
2021-01-25,4288.942446497059
2021-01-26,4288.942446497059
2021-01-27,4288.942446497059
2021-01-28,4288.942446497059
2021-01-29,4288.942446497059
2021-02-01,4288.942446497059
2021-02-02,4288.942446497059
2021-02-03,4296.859729898549
2021-02-04,4262.629729898548
2021-02-05,4262.629729898548
2021-02-08,4338.649729898548
2021-02-09,4338.649729898548
2021-02-10,4338.649729898548
2021-02-11,4338.649729898548
2021-02-12,4338.649729898548
2021-02-15,4338.649729898548
2021-02-16,4338.649729898548
2021-02-17,4338.649729898548
2021-02-18,4338.649729898548
2021-02-19,4338.649729898548
2021-02-22,4338.649729898548
2021-02-23,4338.649729898548
2021-02-24,4338.649729898548
2021-02-25,4338.649729898548
2021-02-26,4338.649729898548
2021-03-01,4313.796088197803
2021-03-02,4313.796088197803
2021-03-03,4279.880051034561
2021-03-04,4279.880051034561
2021-03-05,4279.880051034561
2021-03-08,4279.880051034561
2021-03-09,4279.880051034561
2021-03-10,4279.880051034561
2021-03-11,4279.880051034561
2021-03-12,4279.880051034561
2021-03-15,4248.111207398754
2021-03-16,4324.4606658520715
2021-03-17,4324.4606658520715
2021-03-18,4324.4606658520715
2021-03-19,4291.694076704852
2021-03-22,4367.714076704851
2021-03-23,4367.714076704851
2021-03-24,4367.714076704851
2021-03-25,4367.714076704851
2021-03-26,4367.714076704851
2021-03-29,4367.714076704851
2021-03-30,4367.714076704851
2021-03-31,4367.714076704851
2021-04-01,4340.755082451327
2021-04-02,4340.755082451327
2021-04-05,4307.374820146255
2021-04-06,4307.374820146255
2021-04-07,4307.374820146255
2021-04-08,4307.374820146255
2021-04-09,4307.374820146255
2021-04-12,4307.374820146255
2021-04-13,4307.374820146255
2021-04-14,4307.374820146255
2021-04-15,4307.374820146255
2021-04-16,4274.854820146255
2021-04-19,4350.874820146255
2021-04-20,4350.874820146255
2021-04-21,4350.874820146255
2021-04-22,4350.874820146255
2021-04-23,4350.874820146255
2021-04-26,4350.874820146255
2021-04-27,4350.874820146255
2021-04-28,4350.874820146255
2021-04-29,4350.874820146255
2021-04-30,4350.874820146255
2021-05-03,4345.814951298791
2021-05-04,4316.17033087727
2021-05-05,4316.17033087727
2021-05-06,4284.488981021602
2021-05-07,4284.488981021602
2021-05-10,4284.488981021602
2021-05-11,4284.488981021602
2021-05-12,4284.488981021602
2021-05-13,4284.488981021602
2021-05-14,4284.488981021602
2021-05-17,4284.488981021602
2021-05-18,4284.488981021602
2021-05-19,4284.488981021602
2021-05-20,4284.488981021602
2021-05-21,4284.488981021602
2021-05-24,4284.488981021602
2021-05-25,4284.488981021602
2021-05-26,4284.488981021602
2021-05-27,4284.488981021602
2021-05-28,4284.488981021602
2021-05-31,4284.488981021602
2021-06-01,4284.488981021602
2021-06-02,4284.488981021602
2021-06-03,4284.488981021602
2021-06-04,4284.488981021602
2021-06-07,4254.9430752731605
2021-06-08,4220.71307527316
2021-06-09,4220.71307527316
2021-06-10,4186.48307527316
2021-06-11,4186.48307527316
2021-06-14,4152.948959011689
2021-06-15,4152.948959011689
2021-06-16,4152.948959011689
2021-06-17,4223.930197059115
2021-06-18,4223.930197059115
2021-06-21,4223.930197059115
2021-06-22,4223.930197059115
2021-06-23,4223.930197059115
2021-06-24,4223.930197059115
2021-06-25,4223.930197059115
2021-06-28,4223.930197059115
2021-06-29,4223.930197059115
2021-06-30,4223.930197059115
2021-07-01,4223.930197059115
2021-07-02,4223.930197059115
2021-07-05,4223.930197059115
2021-07-06,4223.930197059115
2021-07-07,4223.930197059115
2021-07-08,4223.930197059115
2021-07-09,4223.930197059115
2021-07-12,4223.930197059115
2021-07-13,4195.68895663465
2021-07-14,4195.68895663465
2021-07-15,4163.715128600213
2021-07-16,4131.115128600212
2021-07-19,4202.716779812894
2021-07-20,4202.716779812894
2021-07-21,4202.716779812894
2021-07-22,4202.716779812894
2021-07-23,4202.716779812894
2021-07-26,4202.716779812894
2021-07-27,4202.716779812894
2021-07-28,4202.716779812894
2021-07-29,4269.647554129122
2021-07-30,4269.647554129122
2021-08-02,4246.7888755941185
2021-08-03,4246.7888755941185
2021-08-04,4246.7888755941185
2021-08-05,4246.7888755941185
2021-08-06,4246.7888755941185
2021-08-09,4246.7888755941185
2021-08-10,4246.7888755941185
2021-08-11,4212.558875594118
2021-08-12,4212.558875594118
2021-08-13,4178.328875594118
2021-08-16,4150.1530957881705
2021-08-17,4117.55309578817
2021-08-18,4191.886219782519
2021-08-19,4191.886219782519
2021-08-20,4191.886219782519
2021-08-23,4191.886219782519
2021-08-24,4191.886219782519
2021-08-25,4191.886219782519
2021-08-26,4191.886219782519
2021-08-27,4191.886219782519
2021-08-30,4191.886219782519
2021-08-31,4191.886219782519
2021-09-01,4159.286219782519
2021-09-02,4126.6862197825185
2021-09-03,4201.4121539027965
2021-09-06,4201.4121539027965
2021-09-07,4201.4121539027965
2021-09-08,4201.4121539027965
2021-09-09,4201.4121539027965
2021-09-10,4167.182153902796
2021-09-13,4167.182153902796
2021-09-14,4167.182153902796
2021-09-15,4167.182153902796
2021-09-16,4137.983207690722
2021-09-17,4137.983207690722
2021-09-20,4210.383207690722
2021-09-21,4210.383207690722
2021-09-22,4210.383207690722
2021-09-23,4210.383207690722
2021-09-24,4210.383207690722
2021-09-27,4210.383207690722
2021-09-28,4210.383207690722
2021-09-29,4210.383207690722
2021-09-30,4210.383207690722
2021-10-01,4201.134713736621
2021-10-04,4201.134713736621
2021-10-05,4201.134713736621
2021-10-06,4201.134713736621
2021-10-07,4201.134713736621
2021-10-08,4201.134713736621
2021-10-11,4201.134713736621
2021-10-12,4201.134713736621
2021-10-13,4201.134713736621
2021-10-14,4201.134713736621
2021-10-15,4201.134713736621
2021-10-18,4201.134713736621
2021-10-19,4201.134713736621
2021-10-20,4201.134713736621
2021-10-21,4201.134713736621
2021-10-22,4201.134713736621
2021-10-25,4201.134713736621
2021-10-26,4201.134713736621
2021-10-27,4201.134713736621
2021-10-28,4201.134713736621
2021-10-29,4201.134713736621
2021-11-01,4205.985656577198
2021-11-02,4205.985656577198
2021-11-03,4205.985656577198
2021-11-04,4272.631938052928
2021-11-05,4272.631938052928
2021-11-08,4272.631938052928
2021-11-09,4272.631938052928
2021-11-10,4272.631938052928
2021-11-11,4272.631938052928
2021-11-12,4272.631938052928
2021-11-15,4272.631938052928
2021-11-16,4272.631938052928
2021-11-17,4272.631938052928
2021-11-18,4272.631938052928
2021-11-19,4272.631938052928
2021-11-22,4272.631938052928
2021-11-23,4272.631938052928
2021-11-24,4272.631938052928
2021-11-25,4272.631938052928
2021-11-26,4272.631938052928
2021-11-29,4272.631938052928
2021-11-30,4272.631938052928
2021-12-01,4236.883325894774
2021-12-02,4236.883325894774
2021-12-03,4236.883325894774
2021-12-06,4236.883325894774
2021-12-07,4236.883325894774
2021-12-08,4236.883325894774
2021-12-09,4236.883325894774
2021-12-10,4236.883325894774
2021-12-13,4236.883325894774
2021-12-14,4236.883325894774
2021-12-15,4236.883325894774
2021-12-16,4236.883325894774
2021-12-17,4236.883325894774
2021-12-20,4205.049236703454
2021-12-21,4205.049236703454
2021-12-22,4176.27165409
2021-12-23,4250.957169927608
2021-12-24,4250.957169927608
2021-12-27,4250.957169927608
2021-12-28,4250.957169927608
2021-12-29,4250.957169927608
2021-12-30,4250.957169927608
2021-12-31,4250.957169927608
2022-01-03,4243.920247911192
2022-01-04,4243.920247911192
2022-01-05,4243.920247911192
2022-01-06,4243.920247911192
2022-01-07,4243.920247911192
2022-01-10,4243.920247911192
2022-01-11,4243.920247911192
2022-01-12,4243.920247911192
2022-01-13,4243.920247911192
2022-01-14,4243.920247911192
2022-01-17,4243.920247911192
2022-01-18,4243.920247911192
2022-01-19,4243.920247911192
2022-01-20,4243.920247911192
2022-01-21,4243.920247911192
2022-01-24,4319.940247911191
2022-01-25,4319.940247911191
2022-01-26,4319.940247911191
2022-01-27,4319.940247911191
2022-01-28,4319.940247911191
2022-01-31,4319.940247911191
2022-02-01,4281.930247911192
2022-02-02,4281.930247911192
2022-02-03,4281.930247911192
2022-02-04,4251.006410839192
2022-02-07,4251.006410839192
2022-02-08,4216.776410839191
2022-02-09,4292.796410839191
2022-02-10,4292.796410839191
2022-02-11,4292.796410839191
2022-02-14,4292.796410839191
2022-02-15,4292.796410839191
2022-02-16,4292.796410839191
2022-02-17,4292.796410839191
2022-02-18,4292.796410839191
2022-02-21,4292.796410839191
2022-02-22,4292.796410839191
2022-02-23,4292.796410839191
2022-02-24,4292.796410839191
2022-02-25,4368.9212137566565
2022-02-28,4368.9212137566565
2022-03-01,4325.425730833924
2022-03-02,4325.425730833924
2022-03-03,4325.425730833924
2022-03-04,4325.425730833924
2022-03-07,4325.425730833924
2022-03-08,4325.425730833924
2022-03-09,4325.425730833924
2022-03-10,4325.425730833924
2022-03-11,4325.425730833924
2022-03-14,4325.425730833924
2022-03-15,4325.425730833924
2022-03-16,4325.425730833924
2022-03-17,4325.425730833924
2022-03-18,4325.425730833924
2022-03-21,4325.425730833924
2022-03-22,4325.425730833924
2022-03-23,4325.425730833924
2022-03-24,4292.905730833924
2022-03-25,4292.905730833924
2022-03-28,4292.905730833924
2022-03-29,4292.905730833924
2022-03-30,4260.446383500307
2022-03-31,4260.446383500307
2022-04-01,4260.446383500307
2022-04-04,4226.216383500307
2022-04-05,4194.304205803386
2022-04-06,4194.304205803386
2022-04-07,4194.304205803386
2022-04-08,4194.304205803386
2022-04-11,4194.304205803386
2022-04-12,4194.304205803386
2022-04-13,4194.304205803386
2022-04-14,4194.304205803386
2022-04-15,4161.502562527444
2022-04-18,4161.502562527444
2022-04-19,4235.3715495863535
2022-04-20,4235.3715495863535
2022-04-21,4235.3715495863535
2022-04-22,4201.141549586353
2022-04-25,4276.871834814074
2022-04-26,4276.871834814074
2022-04-27,4276.871834814074
2022-04-28,4276.871834814074
2022-04-29,4276.871834814074
2022-05-02,4268.65910915719
2022-05-03,4268.65910915719
2022-05-04,4268.65910915719
2022-05-05,4268.65910915719
2022-05-06,4268.65910915719
2022-05-09,4268.65910915719
2022-05-10,4268.65910915719
2022-05-11,4268.65910915719
2022-05-12,4268.65910915719
2022-05-13,4268.65910915719
2022-05-16,4268.65910915719
2022-05-17,4268.65910915719
2022-05-18,4268.65910915719
2022-05-19,4236.13910915719
2022-05-20,4205.251408582059
2022-05-23,4205.251408582059
2022-05-24,4205.251408582059
2022-05-25,4205.251408582059
2022-05-26,4205.251408582059
2022-05-27,4264.348915417983
2022-05-30,4264.348915417983
2022-05-31,4264.348915417983
2022-06-01,4264.348915417983
2022-06-02,4264.348915417983
2022-06-03,4230.7660583514225
2022-06-06,4199.310777537289
2022-06-07,4166.414731005797
2022-06-08,4238.814731005797
2022-06-09,4238.814731005797
2022-06-10,4238.814731005797
2022-06-13,4307.281744405737
2022-06-14,4307.281744405737
2022-06-15,4307.281744405737
2022-06-16,4307.281744405737
2022-06-17,4307.281744405737
2022-06-20,4307.281744405737
2022-06-21,4307.281744405737
2022-06-22,4307.281744405737
2022-06-23,4307.281744405737
2022-06-24,4307.281744405737
2022-06-27,4307.281744405737
2022-06-28,4307.281744405737
2022-06-29,4307.281744405737
2022-06-30,4307.281744405737
2022-07-01,4285.81532991186
2022-07-04,4285.81532991186
2022-07-05,4285.81532991186
2022-07-06,4285.81532991186
2022-07-07,4285.81532991186
2022-07-08,4285.81532991186
2022-07-11,4285.81532991186
2022-07-12,4285.81532991186
2022-07-13,4285.81532991186
2022-07-14,4285.81532991186
2022-07-15,4285.81532991186
2022-07-18,4285.81532991186
2022-07-19,4285.81532991186
2022-07-20,4285.81532991186
2022-07-21,4253.077574591945
2022-07-22,4218.847574591945
2022-07-25,4188.176842779788
2022-07-26,4188.176842779788
2022-07-27,4188.176842779788
2022-07-28,4188.176842779788
2022-07-29,4188.176842779788
2022-08-01,4188.176842779788
2022-08-02,4188.176842779788
2022-08-03,4188.176842779788
2022-08-04,4188.176842779788
2022-08-05,4188.176842779788
2022-08-08,4188.176842779788
2022-08-09,4155.536718440913
2022-08-10,4155.536718440913
2022-08-11,4155.536718440913
2022-08-12,4131.146718440914
2022-08-15,4131.146718440914
2022-08-16,4131.146718440914
2022-08-17,4100.227527478523
2022-08-18,4100.227527478523
2022-08-19,4100.227527478523
2022-08-22,4100.227527478523
2022-08-23,4100.227527478523
2022-08-24,4100.227527478523
2022-08-25,4100.227527478523
2022-08-26,4100.227527478523
2022-08-29,4100.227527478523
2022-08-30,4100.227527478523
2022-08-31,4100.227527478523
2022-09-01,4100.227527478523
2022-09-02,4100.227527478523
2022-09-05,4100.227527478523
2022-09-06,4100.227527478523
2022-09-07,4100.227527478523
2022-09-08,4100.227527478523
2022-09-09,4100.227527478523
2022-09-12,4100.227527478523
2022-09-13,4100.227527478523
2022-09-14,4070.2453672437828
2022-09-15,4070.2453672437828
2022-09-16,4070.2453672437828
2022-09-19,4070.2453672437828
2022-09-20,4070.2453672437828
2022-09-21,4070.2453672437828
2022-09-22,4129.855367243783
2022-09-23,4129.855367243783
2022-09-26,4129.855367243783
2022-09-27,4129.855367243783
2022-09-28,4129.855367243783
2022-09-29,4129.855367243783
2022-09-30,4129.855367243783
2022-10-03,4115.041447361153
2022-10-04,4115.041447361153
2022-10-05,4090.651447361153
2022-10-06,4090.651447361153
2022-10-07,4090.651447361153
2022-10-10,4159.470360297278
2022-10-11,4159.470360297278
2022-10-12,4159.470360297278
2022-10-13,4159.470360297278
2022-10-14,4159.470360297278
2022-10-17,4135.080360297278
2022-10-18,4135.080360297278
2022-10-19,4135.080360297278
2022-10-20,4135.080360297278
2022-10-21,4135.080360297278
2022-10-24,4135.080360297278
2022-10-25,4135.080360297278
2022-10-26,4135.080360297278
2022-10-27,4135.080360297278
2022-10-28,4135.080360297278
2022-10-31,4135.080360297278
2022-11-01,4125.060903829215
2022-11-02,4125.060903829215
2022-11-03,4125.060903829215
2022-11-04,4197.460903829215
2022-11-07,4197.460903829215
2022-11-08,4197.460903829215
2022-11-09,4173.070903829215
2022-11-10,4173.070903829215
2022-11-11,4143.164187980078
2022-11-14,4143.164187980078
2022-11-15,4202.774187980079
2022-11-16,4202.774187980079
2022-11-17,4202.774187980079
2022-11-18,4202.774187980079
2022-11-21,4202.774187980079
2022-11-22,4202.774187980079
2022-11-23,4202.774187980079
2022-11-24,4202.774187980079
2022-11-25,4202.774187980079
2022-11-28,4202.774187980079
2022-11-29,4202.774187980079
2022-11-30,4202.774187980079
2022-12-01,4163.917545904647
2022-12-02,4163.917545904647
2022-12-05,4163.917545904647
2022-12-06,4163.917545904647
2022-12-07,4163.917545904647
2022-12-08,4163.917545904647
2022-12-09,4163.917545904647
2022-12-12,4163.917545904647
2022-12-13,4163.917545904647
2022-12-14,4163.917545904647
2022-12-15,4163.917545904647
2022-12-16,4163.917545904647
2022-12-19,4131.317545904647
2022-12-20,4131.317545904647
2022-12-21,4131.317545904647
2022-12-22,4131.317545904647
2022-12-23,4131.317545904647
2022-12-26,4131.317545904647
2022-12-27,4131.317545904647
2022-12-28,4131.317545904647
2022-12-29,4131.317545904647
2022-12-30,4131.317545904647
2023-01-02,4131.317545904647
2023-01-03,4131.317545904647
2023-01-04,4131.317545904647
2023-01-05,4131.317545904647
2023-01-06,4131.317545904647
2023-01-09,4131.317545904647
2023-01-10,4131.317545904647
2023-01-11,4131.317545904647
2023-01-12,4131.317545904647
2023-01-13,4195.441729729835
2023-01-16,4195.441729729835
2023-01-17,4195.441729729835
2023-01-18,4195.441729729835
2023-01-19,4195.441729729835
2023-01-20,4195.441729729835
2023-01-23,4195.441729729835
2023-01-24,4195.441729729835
2023-01-25,4195.441729729835
2023-01-26,4195.441729729835
2023-01-27,4195.441729729835
2023-01-30,4195.441729729835
2023-01-31,4195.441729729835
2023-02-01,4163.379637817241
2023-02-02,4130.779637817241
2023-02-03,4103.4780409008445
2023-02-06,4163.088040900845
2023-02-07,4163.088040900845
2023-02-08,4163.088040900845
2023-02-09,4163.088040900845
2023-02-10,4163.088040900845
2023-02-13,4163.088040900845
2023-02-14,4163.088040900845
2023-02-15,4163.088040900845
2023-02-16,4163.088040900845
2023-02-17,4163.088040900845
2023-02-20,4163.088040900845
2023-02-21,4163.088040900845
2023-02-22,4163.088040900845
2023-02-23,4163.088040900845
2023-02-24,4163.088040900845
2023-02-27,4163.088040900845
2023-02-28,4163.088040900845
2023-03-01,4163.088040900845
2023-03-02,4163.088040900845
2023-03-03,4163.088040900845
2023-03-06,4163.088040900845
2023-03-07,4163.088040900845
2023-03-08,4163.088040900845
2023-03-09,4163.088040900845
2023-03-10,4163.088040900845
2023-03-13,4163.088040900845
2023-03-14,4163.088040900845
2023-03-15,4163.088040900845
2023-03-16,4163.088040900845
2023-03-17,4163.088040900845
2023-03-20,4163.088040900845
2023-03-21,4222.698040900846
2023-03-22,4222.698040900846
2023-03-23,4222.698040900846
2023-03-24,4222.698040900846
2023-03-27,4222.698040900846
2023-03-28,4222.698040900846
2023-03-29,4222.698040900846
2023-03-30,4222.698040900846
2023-03-31,4222.698040900846
2023-04-03,4192.893040900845
2023-04-04,4192.893040900845
2023-04-05,4192.893040900845
2023-04-06,4192.893040900845
2023-04-07,4192.893040900845
2023-04-10,4192.893040900845
2023-04-11,4192.893040900845
2023-04-12,4192.893040900845
2023-04-13,4192.893040900845
2023-04-14,4192.893040900845
2023-04-17,4192.893040900845
2023-04-18,4160.293040900845
2023-04-19,4160.293040900845
2023-04-20,4127.693040900845
2023-04-21,4127.693040900845
2023-04-24,4127.693040900845
2023-04-25,4127.693040900845
2023-04-26,4127.693040900845
2023-04-27,4097.464387372541
2023-04-28,4166.698437710591
2023-05-01,4166.698437710591
2023-05-02,4166.698437710591
2023-05-03,4166.698437710591
2023-05-04,4166.698437710591
2023-05-05,4166.698437710591
2023-05-08,4166.698437710591
2023-05-09,4166.698437710591
2023-05-10,4166.698437710591
2023-05-11,4166.698437710591
2023-05-12,4166.698437710591
2023-05-15,4166.698437710591
2023-05-16,4137.1809350243175
2023-05-17,4137.1809350243175
2023-05-18,4137.1809350243175
2023-05-19,4137.1809350243175
2023-05-22,4137.1809350243175
2023-05-23,4137.1809350243175
2023-05-24,4137.1809350243175
2023-05-25,4137.1809350243175
2023-05-26,4137.1809350243175
2023-05-29,4137.1809350243175
2023-05-30,4137.1809350243175
2023-05-31,4137.1809350243175
2023-06-01,4137.1809350243175
2023-06-02,4211.270568215497
2023-06-05,4211.270568215497
2023-06-06,4177.040568215497
2023-06-07,4144.440568215497
2023-06-08,4144.440568215497
2023-06-09,4144.440568215497
2023-06-12,4144.440568215497
2023-06-13,4144.440568215497
2023-06-14,4144.440568215497
2023-06-15,4144.440568215497
2023-06-16,4144.440568215497
2023-06-19,4144.440568215497
2023-06-20,4144.440568215497
2023-06-21,4144.440568215497
2023-06-22,4144.440568215497
2023-06-23,4144.440568215497
2023-06-26,4144.440568215497
2023-06-27,4144.440568215497
2023-06-28,4144.440568215497
2023-06-29,4144.440568215497
2023-06-30,4117.318831787183
2023-07-03,4117.318831787183
2023-07-04,4189.718831787182
2023-07-05,4157.118831787182
2023-07-06,4123.813140399654
2023-07-07,4091.213140399654
2023-07-10,4164.461407713956
2023-07-11,4164.461407713956
2023-07-12,4164.461407713956
2023-07-13,4164.461407713956
2023-07-14,4164.461407713956
2023-07-17,4164.461407713956
2023-07-18,4164.461407713956
2023-07-19,4164.461407713956
2023-07-20,4164.461407713956
2023-07-21,4164.461407713956
2023-07-24,4164.461407713956
2023-07-25,4164.461407713956
2023-07-26,4132.266614081747
2023-07-27,4132.266614081747
2023-07-28,4100.190036215219
2023-07-31,4075.8000362152193
2023-08-01,4075.8000362152193
2023-08-02,4075.8000362152193
2023-08-03,4075.8000362152193
2023-08-04,4075.8000362152193
2023-08-07,4075.8000362152193
2023-08-08,4075.8000362152193
2023-08-09,4075.8000362152193
2023-08-10,4075.8000362152193
2023-08-11,4075.8000362152193
2023-08-14,4075.8000362152193
2023-08-15,4075.8000362152193
2023-08-16,4075.8000362152193
2023-08-17,4075.8000362152193
2023-08-18,4075.8000362152193
2023-08-21,4043.2000362152194
2023-08-22,4043.2000362152194
2023-08-23,4043.2000362152194
2023-08-24,4115.600036215219
2023-08-25,4115.600036215219
2023-08-28,4115.600036215219
2023-08-29,4115.600036215219
2023-08-30,4115.600036215219
2023-08-31,4115.600036215219
2023-09-01,4065.6271997152426
2023-09-04,4138.027199715242
2023-09-05,4138.027199715242
2023-09-06,4138.027199715242
2023-09-07,4138.027199715242
2023-09-08,4138.027199715242
2023-09-11,4138.027199715242
2023-09-12,4138.027199715242
2023-09-13,4138.027199715242
2023-09-14,4138.027199715242
2023-09-15,4138.027199715242
2023-09-18,4138.027199715242
2023-09-19,4138.027199715242
2023-09-20,4138.027199715242
2023-09-21,4138.027199715242
2023-09-22,4138.027199715242
2023-09-25,4138.027199715242
2023-09-26,4138.027199715242
2023-09-27,4138.027199715242
2023-09-28,4138.027199715242
2023-09-29,4138.027199715242
2023-10-02,4116.863617965231
2023-10-03,4116.863617965231
2023-10-04,4116.863617965231
2023-10-05,4116.863617965231
2023-10-06,4116.863617965231
2023-10-09,4116.863617965231
2023-10-10,4189.263617965231
2023-10-11,4189.263617965231
2023-10-12,4189.263617965231
2023-10-13,4189.263617965231
2023-10-16,4189.263617965231
2023-10-17,4165.12913890029
2023-10-18,4132.52913890029
2023-10-19,4205.144155701555
2023-10-20,4205.144155701555
2023-10-23,4205.144155701555
2023-10-24,4205.144155701555
2023-10-25,4177.1980996387165
2023-10-26,4247.98385816055
2023-10-27,4247.98385816055
2023-10-30,4247.98385816055
2023-10-31,4247.98385816055
2023-11-01,4182.423738062891
2023-11-02,4182.423738062891
2023-11-03,4254.453751396429
2023-11-06,4254.453751396429
2023-11-07,4254.453751396429
2023-11-08,4254.453751396429
2023-11-09,4254.453751396429
2023-11-10,4254.453751396429
2023-11-13,4220.223751396428
2023-11-14,4296.243751396428
2023-11-15,4296.243751396428
2023-11-16,4296.243751396428
2023-11-17,4296.243751396428
2023-11-20,4296.243751396428
2023-11-21,4296.243751396428
2023-11-22,4296.243751396428
2023-11-23,4296.243751396428
2023-11-24,4296.243751396428
2023-11-27,4296.243751396428
2023-11-28,4296.243751396428
2023-11-29,4296.243751396428
2023-11-30,4296.243751396428
2023-12-01,4239.33374472966
2023-12-04,4239.33374472966
2023-12-05,4239.33374472966
2023-12-06,4239.33374472966
2023-12-07,4239.33374472966
2023-12-08,4207.0751328508795
2023-12-11,4172.845132850879
2023-12-12,4143.84506036747
2023-12-13,4143.84506036747
2023-12-14,4143.84506036747
2023-12-15,4218.009699588798
2023-12-18,4218.009699588798
2023-12-19,4218.009699588798
2023-12-20,4218.009699588798
2023-12-21,4218.009699588798
2023-12-22,4218.009699588798
2023-12-25,4218.009699588798
2023-12-26,4218.009699588798
2023-12-27,4218.009699588798
2023-12-28,4218.009699588798
2023-12-29,4218.009699588798
2024-01-01,4218.009699588798
2024-01-02,4218.009699588798
2024-01-03,4218.009699588798
2024-01-04,4193.86078909242
2024-01-05,4193.86078909242
2024-01-08,4193.86078909242
2024-01-09,4161.670540361022
2024-01-10,4161.670540361022
2024-01-11,4161.670540361022
2024-01-12,4161.670540361022
2024-01-15,4161.670540361022
2024-01-16,4161.670540361022
2024-01-17,4234.070540361022
2024-01-18,4234.070540361022
2024-01-19,4234.070540361022
2024-01-22,4234.070540361022
2024-01-23,4234.070540361022
2024-01-24,4234.070540361022
2024-01-25,4234.070540361022
2024-01-26,4199.840540361021
2024-01-29,4199.840540361021
2024-01-30,4167.240540361021
2024-01-31,4134.640540361021
2024-02-01,4102.04054036102
2024-02-02,4102.04054036102
2024-02-05,4073.210657469402
2024-02-06,4073.210657469402
2024-02-07,4073.210657469402
2024-02-08,4073.210657469402
2024-02-09,4073.210657469402
2024-02-12,4073.210657469402
2024-02-13,4073.210657469402
2024-02-14,4073.210657469402
2024-02-15,4073.210657469402
2024-02-16,4073.210657469402
2024-02-19,4073.210657469402
2024-02-20,4073.210657469402
2024-02-21,4071.014881178509
2024-02-22,4038.414881178509
2024-02-23,4038.414881178509
2024-02-26,4038.414881178509
2024-02-27,4038.414881178509
2024-02-28,4038.414881178509
2024-02-29,4038.414881178509
2024-03-01,4038.414881178509
2024-03-04,4005.814881178509
2024-03-05,4073.3420023933713
2024-03-06,4073.3420023933713
2024-03-07,4073.3420023933713
2024-03-08,4073.3420023933713
2024-03-11,4073.3420023933713
2024-03-12,4073.3420023933713
2024-03-13,4073.3420023933713
2024-03-14,4073.3420023933713
2024-03-15,4073.3420023933713
2024-03-18,4073.3420023933713
2024-03-19,4145.742002393371
2024-03-20,4145.742002393371
2024-03-21,4145.742002393371
2024-03-22,4116.573801768526
2024-03-25,4116.573801768526
2024-03-26,4116.573801768526
2024-03-27,4116.573801768526
2024-03-28,4116.573801768526
2024-03-29,4116.573801768526
2024-04-01,4077.4943414735176
2024-04-02,4077.4943414735176
2024-04-03,4077.4943414735176
2024-04-04,4077.4943414735176
2024-04-05,4077.4943414735176
2024-04-08,4077.4943414735176
2024-04-09,4077.8856451844554
2024-04-10,4046.5059396152305
2024-04-11,4046.5059396152305
2024-04-12,4046.5059396152305
2024-04-15,4046.5059396152305
2024-04-16,4046.5059396152305
2024-04-17,4046.5059396152305
2024-04-18,4046.5059396152305
2024-04-19,4046.5059396152305
2024-04-22,4106.115939615231
2024-04-23,4106.115939615231
2024-04-24,4106.115939615231
2024-04-25,4106.115939615231
2024-04-26,4106.115939615231
2024-04-29,4106.115939615231
2024-04-30,4106.115939615231
2024-05-01,4062.025654846673
2024-05-02,4062.025654846673
2024-05-03,4062.025654846673
2024-05-06,4062.025654846673
2024-05-07,4062.025654846673
2024-05-08,4062.025654846673
2024-05-09,4062.025654846673
2024-05-10,4029.4256548466733
2024-05-13,4029.4256548466733
2024-05-14,4029.4256548466733
2024-05-15,4099.213228914137
2024-05-16,4099.213228914137
2024-05-17,4099.213228914137
2024-05-20,4099.213228914137
2024-05-21,4099.213228914137
2024-05-22,4099.213228914137
2024-05-23,4099.213228914137
2024-05-24,4099.213228914137
2024-05-27,4099.213228914137
2024-05-28,4099.213228914137
2024-05-29,4099.213228914137
2024-05-30,4099.213228914137
2024-05-31,4099.213228914137
2024-06-03,4095.5091847292556
2024-06-04,4095.5091847292556
2024-06-05,4095.5091847292556
2024-06-06,4095.5091847292556
2024-06-07,4095.5091847292556
2024-06-10,4095.5091847292556
2024-06-11,4063.4396945149474
2024-06-12,4063.4396945149474
2024-06-13,4063.4396945149474
2024-06-14,4032.2100374373067
2024-06-17,4032.2100374373067
2024-06-18,4032.2100374373067
2024-06-19,4032.2100374373067
2024-06-20,4032.2100374373067
2024-06-21,4032.2100374373067
2024-06-24,4032.2100374373067
2024-06-25,4032.2100374373067
2024-06-26,4032.2100374373067
2024-06-27,4032.2100374373067
2024-06-28,4032.2100374373067
2024-07-01,4032.2100374373067
2024-07-02,4032.2100374373067
2024-07-03,4008.9180718982666
2024-07-04,4081.3180718982658
2024-07-05,4081.3180718982658
2024-07-08,4081.3180718982658
2024-07-09,4081.3180718982658
2024-07-10,4081.3180718982658
2024-07-11,4081.3180718982658
2024-07-12,4081.3180718982658
2024-07-15,4081.3180718982658
2024-07-16,4081.3180718982658
2024-07-17,4081.3180718982658
2024-07-18,4081.3180718982658
2024-07-19,4081.3180718982658
2024-07-22,4081.3180718982658
2024-07-23,4081.3180718982658
2024-07-24,4081.3180718982658
2024-07-25,4081.3180718982658
2024-07-26,4081.3180718982658
2024-07-29,4081.3180718982658
2024-07-30,4081.3180718982658
2024-07-31,4081.3180718982658
2024-08-01,4056.7640546677862
2024-08-02,4123.8662342849875
2024-08-05,4123.8662342849875
2024-08-06,4123.8662342849875
2024-08-07,4123.8662342849875
2024-08-08,4123.8662342849875
2024-08-09,4123.8662342849875
2024-08-12,4123.8662342849875
2024-08-13,4123.8662342849875
2024-08-14,4123.8662342849875
2024-08-15,4123.8662342849875
2024-08-16,4123.8662342849875
2024-08-19,4123.8662342849875
2024-08-20,4123.8662342849875
2024-08-21,4200.418041230376
2024-08-22,4200.418041230376
2024-08-23,4200.418041230376
2024-08-26,4200.418041230376
2024-08-27,4200.418041230376
2024-08-28,4200.418041230376
2024-08-29,4200.418041230376
2024-08-30,4200.418041230376
2024-09-02,4128.591047949081
2024-09-03,4128.591047949081
2024-09-04,4128.591047949081
2024-09-05,4128.591047949081
2024-09-06,4128.591047949081
2024-09-09,4128.591047949081
2024-09-10,4128.591047949081
2024-09-11,4128.591047949081
2024-09-12,4128.591047949081
2024-09-13,4097.860868129495
2024-09-16,4170.260868129495
2024-09-17,4170.260868129495
2024-09-18,4170.260868129495
2024-09-19,4170.260868129495
2024-09-20,4170.260868129495
2024-09-23,4170.260868129495
2024-09-24,4170.260868129495
2024-09-25,4170.260868129495
2024-09-26,4170.260868129495
2024-09-27,4170.260868129495
2024-09-30,4170.260868129495
2024-10-01,4149.425958039288
2024-10-02,4149.425958039288
2024-10-03,4221.825958039288
2024-10-04,4221.825958039288
2024-10-07,4221.825958039288
2024-10-08,4221.825958039288
2024-10-09,4221.825958039288
2024-10-10,4221.825958039288
2024-10-11,4221.825958039288
2024-10-14,4221.825958039288
2024-10-15,4221.825958039288
2024-10-16,4221.825958039288
2024-10-17,4221.825958039288
2024-10-18,4221.825958039288
2024-10-21,4221.825958039288
2024-10-22,4221.825958039288
2024-10-23,4221.825958039288
2024-10-24,4221.825958039288
2024-10-25,4221.825958039288
2024-10-28,4221.825958039288
2024-10-29,4221.825958039288
2024-10-30,4221.825958039288
2024-10-31,4187.595958039287
2024-11-01,4168.510958039287
2024-11-04,4168.510958039287
2024-11-05,4136.873568344876
2024-11-06,4136.873568344876
2024-11-07,4108.041229918543
2024-11-08,4083.651229918543
2024-11-11,4051.051229918543
2024-11-12,4118.90212158772
2024-11-13,4118.90212158772
2024-11-14,4118.90212158772
2024-11-15,4118.90212158772
2024-11-18,4118.90212158772
2024-11-19,4118.90212158772
2024-11-20,4118.90212158772
2024-11-21,4118.90212158772
2024-11-22,4118.90212158772
2024-11-25,4118.90212158772
2024-11-26,4118.90212158772
2024-11-27,4118.90212158772
2024-11-28,4118.90212158772
2024-11-29,4118.90212158772
2024-12-02,4086.30212158772
2024-12-03,4086.30212158772
2024-12-04,4054.557267566039
2024-12-05,4126.957267566038
2024-12-06,4126.957267566038
2024-12-09,4126.957267566038
2024-12-10,4126.957267566038
2024-12-11,4126.957267566038
2024-12-12,4126.957267566038
2024-12-13,4126.957267566038
2024-12-16,4126.957267566038
2024-12-17,4096.190933582555
2024-12-18,4096.190933582555
2024-12-19,4064.422985783931
2024-12-20,4064.422985783931
2024-12-23,4064.422985783931
2024-12-24,4064.422985783931
2024-12-25,4040.032985783931
2024-12-26,4040.032985783931
2024-12-27,4040.032985783931
2024-12-30,4040.032985783931
2024-12-31,4040.032985783931
2025-01-02,4040.032985783931
2025-01-03,4040.032985783931
2025-01-06,4040.032985783931
2025-01-07,4040.032985783931
2025-01-08,4040.032985783931
2025-01-09,4040.032985783931
2025-01-10,4040.032985783931
2025-01-13,4040.032985783931
2025-01-14,4040.032985783931
2025-01-15,4040.032985783931
2025-01-16,4040.032985783931
2025-01-17,4040.032985783931
2025-01-20,4040.032985783931
2025-01-21,4040.032985783931
2025-01-22,4040.032985783931
2025-01-23,4007.432985783931
2025-01-24,3974.8329857839312
2025-01-27,4046.490257454647
2025-01-28,4046.490257454647
2025-01-29,4046.490257454647
2025-01-30,4046.490257454647
2025-01-31,4046.490257454647
2025-02-03,4043.261621619289
2025-02-04,4014.9432628694376
2025-02-05,4014.9432628694376
2025-02-06,4014.9432628694376
2025-02-07,4014.9432628694376
2025-02-10,4002.3115477434003
2025-02-11,3969.7115477434004
2025-02-12,3969.7115477434004
2025-02-13,3969.7115477434004
2025-02-14,4033.120782885514
2025-02-17,4033.120782885514
2025-02-18,4033.120782885514
2025-02-19,4033.120782885514
2025-02-20,4033.120782885514
2025-02-21,4033.120782885514
2025-02-24,4033.120782885514
2025-02-25,4033.120782885514
2025-02-26,4033.120782885514
2025-02-27,4033.120782885514
2025-02-28,4033.120782885514
2025-03-03,4033.120782885514
2025-03-04,4033.120782885514
2025-03-05,4033.120782885514
2025-03-06,4033.120782885514
2025-03-07,4033.120782885514
2025-03-10,4033.120782885514
2025-03-11,4033.120782885514
2025-03-12,4033.120782885514
2025-03-13,4033.120782885514
2025-03-14,4033.120782885514
2025-03-17,4033.120782885514
2025-03-18,4033.120782885514
2025-03-19,4033.120782885514
2025-03-20,4033.120782885514
2025-03-21,4033.120782885514
2025-03-24,4033.120782885514
2025-03-25,4033.120782885514
2025-03-26,4033.120782885514
2025-03-27,4033.120782885514
2025-03-28,4004.2361255553114
2025-03-31,3973.267780324533
2025-04-01,3973.267780324533
2025-04-02,3943.677460550181
2025-04-03,3943.677460550181
2025-04-04,3919.287460550181
2025-04-07,3919.287460550181
2025-04-08,3989.2208249751543
2025-04-09,3989.2208249751543
2025-04-10,3989.2208249751543
2025-04-11,3989.2208249751543
2025-04-14,4048.8308249751544
2025-04-15,4048.8308249751544
2025-04-16,4048.8308249751544
2025-04-17,4048.8308249751544
2025-04-22,4048.8308249751544
2025-04-23,4048.8308249751544
2025-04-24,4048.8308249751544
2025-04-25,4048.8308249751544
2025-04-28,4048.8308249751544
2025-04-29,4048.8308249751544
2025-04-30,4048.8308249751544
2025-05-01,4011.0493026498434
2025-05-02,4011.0493026498434
2025-05-05,4011.0493026498434
2025-05-06,4011.0493026498434
2025-05-07,4011.0493026498434
2025-05-08,4011.0493026498434
2025-05-09,4011.0493026498434
2025-05-12,3984.6999530475705
2025-05-13,3984.6999530475705
2025-05-14,3984.6999530475705
2025-05-15,3953.7299530475702
2025-05-16,3922.9696015453633
2025-05-19,3992.1219485876386
2025-05-20,3992.1219485876386
2025-05-21,3992.1219485876386
2025-05-22,3992.1219485876386
2025-05-23,3992.1219485876386
2025-05-26,3992.1219485876386
2025-05-27,3992.1219485876386
2025-05-28,3992.1219485876386
2025-05-29,3992.1219485876386
2025-05-30,3992.1219485876386
2025-06-02,3992.1219485876386
2025-06-03,3992.1219485876386
2025-06-04,3992.1219485876386
2025-06-05,3992.1219485876386
2025-06-06,3992.1219485876386
2025-06-09,3992.1219485876386
2025-06-10,3992.1219485876386
2025-06-11,3992.1219485876386
2025-06-12,3992.1219485876386
2025-06-13,3992.1219485876386
2025-06-16,3992.1219485876386
2025-06-17,3992.1219485876386
2025-06-18,3992.1219485876386
2025-06-19,3992.1219485876386
2025-06-20,3967.7319485876387
2025-06-23,3967.7319485876387
2025-06-24,3967.7319485876387
2025-06-25,4036.3270613884015
2025-06-26,4036.3270613884015
2025-06-27,4036.3270613884015
2025-06-30,4036.3270613884015
2025-07-01,4014.2245049880203
2025-07-02,4014.2245049880203
2025-07-03,4014.2245049880203
2025-07-04,4014.2245049880203
2025-07-07,4014.2245049880203
2025-07-08,4014.2245049880203
2025-07-09,4086.62450498802
2025-07-10,4086.62450498802
2025-07-11,4086.62450498802
2025-07-14,4086.62450498802
2025-07-15,4086.62450498802
2025-07-16,4086.62450498802
2025-07-17,4086.62450498802
2025-07-18,4086.62450498802
2025-07-21,4086.62450498802
2025-07-22,4086.62450498802
2025-07-23,4086.62450498802
2025-07-24,4086.62450498802
2025-07-25,4060.8245483749342
2025-07-28,4133.224548374934
2025-07-29,4133.224548374934
2025-07-30,4133.224548374934
2025-07-31,4133.224548374934
2025-08-01,4073.724526681477
2025-08-04,4073.724526681477
2025-08-05,4073.724526681477
2025-08-06,4073.724526681477
2025-08-07,4073.724526681477
2025-08-08,4073.724526681477
2025-08-11,4073.724526681477
2025-08-12,4073.724526681477
2025-08-13,4073.724526681477
2025-08-14,4073.724526681477
2025-08-15,4073.724526681477
2025-08-18,4073.724526681477
2025-08-19,4073.724526681477
2025-08-20,4073.724526681477
2025-08-21,4073.724526681477
2025-08-22,4063.515025109822
2025-08-25,4032.524617637585
2025-08-26,4006.4229167161925
2025-08-27,3973.8229167161926
2025-08-28,4042.016815909906
2025-08-29,4042.016815909906
2025-09-01,4042.016815909906
2025-09-02,4042.016815909906
2025-09-03,4042.016815909906
2025-09-04,4042.016815909906
2025-09-05,4017.6268159099063
2025-09-08,4017.6268159099063
2025-09-09,4087.9485087119606
2025-09-10,4087.9485087119606
2025-09-11,4087.9485087119606
2025-09-12,4087.9485087119606
2025-09-15,4087.9485087119606
2025-09-16,4087.9485087119606
2025-09-17,4087.9485087119606
2025-09-18,4087.9485087119606
2025-09-19,4087.9485087119606
2025-09-22,4087.9485087119606
2025-09-23,4087.9485087119606
2025-09-24,4087.9485087119606
2025-09-25,4087.9485087119606
2025-09-26,4087.9485087119606
2025-09-29,4087.9485087119606
2025-09-30,4087.9485087119606
2025-10-01,4064.9826623109334
2025-10-02,4064.9826623109334
2025-10-03,4064.9826623109334
2025-10-06,4064.9826623109334
2025-10-07,4058.3662479356285
2025-10-08,4025.7662479356286
2025-10-09,4025.7662479356286
2025-10-10,4096.4897235328535
2025-10-13,4096.4897235328535
2025-10-14,4096.4897235328535
2025-10-15,4096.4897235328535
2025-10-16,4096.4897235328535
2025-10-17,4168.889723532853
2025-10-20,4168.889723532853
2025-10-21,4168.889723532853
2025-10-22,4168.889723532853
2025-10-23,4168.889723532853
2025-10-24,4168.889723532853
2025-10-27,4168.889723532853
2025-10-28,4241.445985565825
2025-10-29,4241.445985565825
2025-10-30,4241.445985565825
2025-10-31,4241.445985565825
2025-11-03,4153.2143239383795
2025-11-04,4153.2143239383795
2025-11-05,4153.2143239383795
2025-11-06,4153.2143239383795
2025-11-07,4153.2143239383795
2025-11-10,4153.2143239383795
2025-11-11,4153.2143239383795
2025-11-12,4153.2143239383795
2025-11-13,4153.2143239383795
2025-11-14,4153.2143239383795
2025-11-17,4153.2143239383795
2025-11-18,4153.2143239383795
2025-11-19,4153.2143239383795
2025-11-20,4153.2143239383795
2025-11-21,4153.2143239383795
2025-11-24,4153.2143239383795
2025-11-25,4153.2143239383795
2025-11-26,4153.2143239383795
2025-11-27,4229.761883284497
2025-11-28,4229.761883284497
2025-12-01,4191.488103611438
2025-12-02,4191.488103611438
2025-12-03,4191.488103611438
2025-12-04,4191.488103611438
2025-12-05,4191.488103611438
2025-12-08,4191.488103611438
2025-12-09,4191.488103611438
2025-12-10,4191.488103611438
2025-12-11,4191.488103611438
2025-12-12,4191.488103611438
2025-12-15,4191.488103611438
2025-12-16,4191.488103611438
2025-12-17,4191.488103611438
2025-12-18,4191.488103611438
2025-12-19,4191.488103611438
2025-12-22,4191.488103611438
2025-12-23,4191.488103611438
2025-12-24,4191.488103611438
2025-12-26,4191.488103611438
2025-12-29,4191.488103611438
2025-12-30,4191.488103611438
2025-12-31,4191.488103611438
2026-01-02,4191.488103611438
2026-01-05,4191.488103611438
2026-01-06,4158.888103611438
2026-01-07,4158.888103611438
2026-01-08,4134.498103611439
2026-01-09,4206.898103611438
2026-01-12,4206.898103611438
2026-01-13,4206.898103611438
2026-01-14,4172.668103611438
2026-01-15,4172.668103611438
2026-01-16,4172.668103611438
2026-01-19,4172.668103611438
2026-01-20,4141.4068074376155
2026-01-21,4141.4068074376155
2026-01-22,4141.4068074376155
2026-01-23,4141.4068074376155
2026-01-26,4206.814174487571
2026-01-27,4206.814174487571
2026-01-28,4206.814174487571
2026-01-29,4206.814174487571
2026-01-30,4206.814174487571
2026-02-02,4199.151139049505
2026-02-03,4199.151139049505
2026-02-04,4199.151139049505
2026-02-05,4199.151139049505
2026-02-06,4199.151139049505
2026-02-09,4174.761139049506
2026-02-10,4174.761139049506
2026-02-11,4145.425972655177
2026-02-12,4112.825972655177
2026-02-13,4112.825972655177
2026-02-16,4112.825972655177
2026-02-17,4112.825972655177
2026-02-18,4112.825972655177
2026-02-19,4112.825972655177
2026-02-20,4112.825972655177
2026-02-23,4112.825972655177
2026-02-24,4112.825972655177
2026-02-25,4112.825972655177
2026-02-26,4112.825972655177
2026-02-27,4112.825972655177
2026-03-02,4112.825972655177
2026-03-03,4112.825972655177
2026-03-04,4112.825972655177
2026-03-05,4112.825972655177
2026-03-06,4112.825972655177
2026-03-09,4112.825972655177
2026-03-10,4112.825972655177
2026-03-11,4112.825972655177
2026-03-12,4112.825972655177
2026-03-13,4112.825972655177
2026-03-16,4112.825972655177
2026-03-17,4112.825972655177
2026-03-18,4112.825972655177
2026-03-19,4112.825972655177
2026-03-20,4112.825972655177
2026-03-23,4085.469997621462
2026-03-24,4056.217826533776
2026-03-25,4056.217826533776
2026-03-26,4027.824745646638
2026-03-27,4100.2247456466375
2026-03-30,4100.2247456466375
2026-03-31,4100.2247456466375
2026-04-01,4100.2247456466375
2026-04-02,4100.2247456466375
2026-04-03,4100.2247456466375
2026-04-06,4100.2247456466375
2026-04-07,4100.2247456466375
2026-04-08,4100.2247456466375
2026-04-09,4100.2247456466375
2026-04-10,4100.2247456466375
2026-04-13,4100.2247456466375
2026-04-14,4100.2247456466375
2026-04-15,4100.2247456466375
2026-04-16,4100.2247456466375
2026-04-17,4100.2247456466375
2026-04-20,4100.2247456466375
2026-04-21,4100.2247456466375
2026-04-22,4100.2247456466375
2026-04-23,4100.2247456466375
2026-04-24,4100.2247456466375
2026-04-27,4100.2247456466375
2026-04-28,4100.2247456466375
2026-04-29,4100.2247456466375
2026-04-30,4125.702213832063
2026-05-01,4080.36347973935
2026-05-04,4080.36347973935
2026-05-05,4055.9734797393503
2026-05-06,4055.9734797393503
2026-05-07,4055.9734797393503
2026-05-08,4055.9734797393503
2026-05-11,4055.9734797393503
2026-05-12,4055.9734797393503
2026-05-13,4055.9734797393503
2026-05-14,4127.687747090569
2026-05-15,4127.687747090569
2026-05-18,4127.687747090569
2026-05-19,4127.687747090569
2026-05-20,4127.687747090569
2026-05-21,4127.687747090569
2026-05-22,4127.687747090569
2026-05-25,4127.687747090569
2026-05-26,4095.0877470905693
2026-05-27,4095.0877470905693
2026-05-28,4166.70574074286
2026-05-29,4166.70574074286
2026-06-01,4139.834610241105
2026-06-02,4139.834610241105
2026-06-03,4107.234610241105
2026-06-04,4179.634610241104
2026-06-05,4179.634610241104
2026-06-08,4179.634610241104
2026-06-09,4179.634610241104
2026-06-10,4179.634610241104
2026-06-11,4179.634610241104
2026-06-12,4179.634610241104
2026-06-15,4252.034610241104
2026-06-16,4252.034610241104
2026-06-17,4252.034610241104
2026-06-18,4252.034610241104
2026-06-19,4252.034610241104
2026-06-22,4252.034610241104
2026-06-23,4252.034610241104
2026-06-24,4252.034610241104
2026-06-25,4252.034610241104
2026-06-26,4252.034610241104
2026-06-29,4252.034610241104
2026-06-30,4252.034610241104
2026-07-01,4195.934610241105
2026-07-02,4171.544610241105
2026-07-03,4243.944610241105
2026-07-06,4243.944610241105
2026-07-07,4243.944610241105
2026-07-08,4243.944610241105
2026-07-09,4243.944610241105
2026-07-10,4243.944610241105
2026-07-13,4243.944610241105
2026-07-14,4243.944610241105
2026-07-15,4243.944610241105
2026-07-16,4243.944610241105
2026-07-17,4243.944610241105
