entry_time,exit_time,side,entry,exit,lots,pnl,reason
2016-08-19,2016-08-22,1,1.3167156358337402,1.3086556358337402,0.03,-24.389999999999866,stop
2016-08-22,2016-08-23,-1,1.3055423120880127,1.3071023120880128,0.19,-30.970000000000105,stop
2016-08-23,2016-08-31,1,1.3137752194976806,1.3090118984603882,0.03,-14.499963111877134,ma_exit
2016-08-31,2016-09-01,-1,1.3090118984603882,1.3105718984603882,0.19,-30.970000000000105,stop
2016-09-01,2016-09-02,1,1.313430108604431,1.3227350121877304,0.07,64.64432508309493,tp
2016-09-14,2016-09-15,-1,1.3193752388381959,1.325663934498593,0.04,-25.434782641588548,stop
2016-09-15,2016-09-16,1,1.326495923576355,1.324935923576355,0.19,-30.970000000000105,stop
2016-09-16,2016-09-19,-1,1.324706516685486,1.321016516685486,0.19,68.77999999999945,tp
2016-11-03,2016-11-04,1,1.230526365814209,1.2487615909061804,0.04,72.66090036788603,tp
2016-11-18,2016-11-21,-1,1.2409426788711548,1.2425026788711548,0.2,-32.600000000000115,stop
2016-11-22,2016-11-23,1,1.2494352241134643,1.2413752241134643,0.03,-24.389999999999866,stop
2016-11-23,2016-11-24,-1,1.2423303942108155,1.2438903942108155,0.19,-30.970000000000105,stop
2016-11-24,2016-11-25,1,1.2433771272277832,1.2470671272277831,0.19,68.77999999999945,tp
2016-11-29,2016-11-30,-1,1.2410966972732544,1.2449154419676627,0.08,-31.109957555265904,stop
2016-11-30,2016-12-01,1,1.2492792983627319,1.2615899122031113,0.06,73.44368304227675,tp
2016-12-15,2016-12-16,-1,1.2537642340087891,1.2410734561319066,0.05,63.10388938441277,tp
2017-01-06,2017-01-09,1,1.2426047702407836,1.2345447702407837,0.03,-24.389999999999866,stop
2017-01-09,2017-01-11,-1,1.2260312656784058,1.2070968439789151,0.03,56.593265098471996,tp
2017-01-18,2017-01-19,1,1.2388643403625488,1.2308043403625488,0.03,-24.389999999999866,stop
2017-02-07,2017-02-08,-1,1.2467760662460328,1.2483360662460328,0.2,-32.600000000000115,stop
2017-02-08,2017-02-09,1,1.2496850867843627,1.2533750867843627,0.2,72.39999999999941,tp
2017-02-10,2017-02-13,-1,1.2497524837875367,1.2513124837875367,0.2,-32.600000000000115,stop
2017-02-14,2017-02-15,1,1.2523610969161987,1.2508010969161987,0.2,-32.600000000000115,stop
2017-02-15,2017-02-23,-1,1.246978245201111,1.2523555192714708,0.05,-27.236370351799643,stop
2017-02-24,2017-02-27,1,1.255678929862976,1.2485441965597988,0.04,-28.818933212709062,stop
2017-02-27,2017-03-07,-1,1.2398963789367676,1.2199563789367676,0.03,59.6100000000002,tp
2017-03-16,2017-03-17,1,1.2284857411956787,1.2321757411956786,0.2,72.39999999999941,tp
2017-04-10,2017-04-11,-1,1.2374565224075318,1.2455165224075317,0.03,-24.389999999999866,stop
2017-04-12,2017-04-17,1,1.2492947955703735,1.2582941234278366,0.08,71.43462285970526,tp
2017-05-15,2017-05-16,-1,1.2885998110198975,1.2901598110198975,0.2,-32.600000000000115,stop
2017-05-16,2017-05-17,1,1.2903659720993041,1.2940559720993041,0.2,72.39999999999941,tp
2017-05-26,2017-05-29,-1,1.293266497077942,1.2892981020365548,0.19,74.06950578635546,tp
2017-06-06,2017-06-07,1,1.2907989402389526,1.2892389402389526,0.2,-32.600000000000115,stop
2017-06-09,2017-06-14,-1,1.2722370247268677,1.2802970247268677,0.03,-24.389999999999866,stop
2017-06-28,2017-06-29,1,1.281355657157898,1.2997301064436984,0.04,73.2177971432018,tp
2017-07-12,2017-07-13,-1,1.2858986477279664,1.2874586477279664,0.2,-32.600000000000115,stop
2017-07-13,2017-07-14,1,1.2894343515014648,1.29476380776909,0.14,73.63238774675216,tp
2017-08-07,2017-08-15,-1,1.3046395401382447,1.291808714633236,0.06,76.56495303005214,tp
2017-08-29,2017-08-30,1,1.2927678008651733,1.2909295969593,0.17,-32.43946639984616,stop
2017-10-02,2017-10-03,-1,1.3393452982330323,1.3346197382932723,0.16,74.48895903615971,tp
2017-10-16,2017-10-17,1,1.3289460321044921,1.3273860321044921,0.21,-34.23000000000012,stop
2017-10-17,2017-10-18,-1,1.3252333025360108,1.319442312086671,0.13,74.3728758414179,tp
2017-10-26,2017-10-27,1,1.327411450920105,1.320091604245735,0.04,-29.559386697480093,stop
2017-10-27,2017-10-31,-1,1.3129652361297608,1.3210252361297607,0.04,-32.519999999999825,stop
2017-10-31,2017-11-01,1,1.3213082929229736,1.3267635565982132,0.14,75.39369145335482,tp
2017-11-03,2017-11-06,-1,1.30526968044281,1.31332968044281,0.04,-32.519999999999825,stop
2017-11-15,2017-11-17,1,1.3158494611358642,1.3195394611358642,0.21,76.01999999999937,tp
2017-12-12,2017-12-14,-1,1.334875188293457,1.3389737932315182,0.07,-29.18023456642794,stop
2017-12-14,2017-12-15,1,1.3410278936004638,1.3386037581808579,0.13,-32.42376045487742,stop
2017-12-18,2017-12-19,-1,1.3316752533340455,1.3397352533340454,0.03,-24.389999999999866,stop
2017-12-28,2017-12-29,1,1.3404527087783813,1.3456378459451928,0.14,71.61192033536044,tp
2018-02-06,2018-02-08,-1,1.3943094829940796,1.4023694829940796,0.03,-24.389999999999866,stop
2018-02-15,2018-02-16,1,1.401641048965454,1.406665377574194,0.15,74.31492913109872,tp
2018-02-20,2018-02-21,-1,1.3992068390274048,1.4007668390274048,0.21,-34.23000000000012,stop
2018-02-21,2018-02-22,1,1.4001691718673706,1.3986091718673705,0.21,-34.23000000000012,stop
2018-02-22,2018-02-23,-1,1.3909539799118043,1.3990139799118042,0.03,-24.389999999999866,stop
2018-03-08,2018-03-09,1,1.3906871457672119,1.3891271457672119,0.21,-34.23000000000012,stop
2018-03-09,2018-03-12,-1,1.3805070738220215,1.3885670738220215,0.03,-24.389999999999866,stop
2018-03-13,2018-03-14,1,1.3908225675201416,1.3972739226024797,0.11,70.19490590572002,tp
2018-03-30,2018-04-02,-1,1.4028777698898316,1.404637359707341,0.18,-32.93261671516819,stop
2018-04-04,2018-04-05,1,1.4069254775619506,1.4053654775619506,0.2,-32.600000000000115,stop
2018-04-06,2018-04-09,-1,1.400814137878418,1.4073833685534918,0.04,-26.556922700295022,stop
2018-04-09,2018-04-10,1,1.4092251439666748,1.4154361066788714,0.12,73.69155254636011,tp
2018-04-20,2018-04-27,-1,1.4085890869522095,1.3886490869522095,0.03,59.6100000000002,tp
2018-06-06,2018-06-08,1,1.3406683583831787,1.3370955080836822,0.09,-32.78565269546849,stop
2018-06-15,2018-06-28,-1,1.325602136077881,1.3056621360778808,0.03,59.6100000000002,tp
2018-07-05,2018-07-06,1,1.3229862828826904,1.3214262828826904,0.21,-34.23000000000012,stop
2018-07-12,2018-07-13,-1,1.3209439138793946,1.3172539138793946,0.21,76.01999999999937,tp
2018-07-16,2018-07-17,1,1.3228288074111938,1.3212283935263498,0.2,-33.40827769687998,stop
2018-07-18,2018-07-26,-1,1.3105560163879395,1.3186160163879395,0.03,-24.389999999999866,stop
2018-07-26,2018-07-27,1,1.3200177331542968,1.3160897420222049,0.08,-31.983929056735743,stop
2018-07-27,2018-07-31,-1,1.3108137468719483,1.316899471170929,0.05,-30.77862149490344,stop
2018-08-22,2018-08-23,1,1.290615715560913,1.2846746990830806,0.05,-30.055082389162035,stop
2018-08-24,2018-08-27,-1,1.281005821647644,1.2846944755924274,0.08,-30.069231558266786,stop
2018-08-27,2018-08-28,1,1.2861509700393676,1.2930166268154037,0.11,74.75222453639734,tp
2018-09-04,2018-09-05,-1,1.2868419508361817,1.2884019508361817,0.2,-32.600000000000115,stop
2018-09-06,2018-09-10,1,1.2915491242980957,1.3025357744819055,0.07,76.41655128666892,tp
2018-09-28,2018-10-01,-1,1.3078134874725342,1.3015060672216703,0.12,74.84904301036738,tp
2018-10-08,2018-10-09,1,1.31277493434906,1.3074116743886046,0.06,-32.59955976273235,stop
2018-10-15,2018-10-16,-1,1.310332737388611,1.311892737388611,0.21,-34.23000000000012,stop
2018-10-16,2018-10-17,1,1.315537967262268,1.310668930489825,0.06,-29.634220634658618,stop
2018-10-18,2018-10-19,-1,1.3103842358016968,1.3062068887436646,0.18,73.93224704457937,tp
2018-11-02,2018-11-07,1,1.3004331966018676,1.3169363061366555,0.04,65.73243813915136,tp
2018-11-12,2018-11-13,-1,1.2937851766967774,1.2975873992932885,0.08,-30.97778077208867,stop
2018-11-14,2018-11-15,1,1.3014655490493774,1.2953726912871522,0.05,-30.814288811126172,stop
2018-11-16,2018-11-19,-1,1.276590071144104,1.284650071144104,0.03,-24.389999999999866,stop
2018-12-21,2018-12-24,1,1.2670375485992431,1.265477548599243,0.21,-34.23000000000012,stop
2018-12-24,2018-12-25,-1,1.2648341278457642,1.2663941278457642,0.2,-32.600000000000115,stop
2018-12-25,2018-12-27,1,1.2711440702056884,1.2650649037077768,0.05,-30.74583248955813,stop
2018-12-27,2018-12-28,-1,1.2648181538009644,1.2663781538009644,0.2,-32.600000000000115,stop
2018-12-31,2019-01-02,1,1.269417681274414,1.2649198783564302,0.06,-27.406817507903103,stop
2019-01-03,2019-01-04,-1,1.2521313051605225,1.2601913051605225,0.03,-24.389999999999866,stop
2019-01-07,2019-01-17,1,1.2735560317611694,1.2934960317611695,0.03,59.6100000000002,tp
2019-02-05,2019-02-06,-1,1.3030413011932374,1.2993513011932374,0.2,72.39999999999941,tp
2019-02-20,2019-02-22,1,1.3061910052871704,1.2981310052871704,0.03,-24.389999999999866,stop
2019-03-08,2019-03-11,-1,1.3091832022094727,1.3005945455164722,0.08,68.1492535440037,tp
2019-03-12,2019-03-13,1,1.3249142547225952,1.3168542547225952,0.03,-24.389999999999866,stop
2019-03-13,2019-03-14,-1,1.3066171030426026,1.3143384610279876,0.04,-31.16543194153992,stop
2019-03-14,2019-03-18,1,1.3286282201385498,1.3205682201385498,0.03,-24.389999999999866,stop
2019-03-21,2019-03-22,-1,1.320473037185669,1.322033037185669,0.2,-32.600000000000115,stop
2019-03-25,2019-03-26,1,1.3207149882888793,1.3191549882888793,0.2,-32.600000000000115,stop
2019-03-28,2019-03-29,-1,1.3152103046798707,1.3014063430388356,0.05,68.66980820517519,tp
2019-04-04,2019-04-05,1,1.3177566905593872,1.315581008560775,0.14,-31.439547980568936,stop
2019-04-05,2019-04-16,-1,1.3076424221420289,1.3103325744247436,0.03,-8.280456848144224,ma_exit
2019-04-16,2019-04-17,1,1.3103325744247436,1.3087725744247436,0.2,-32.600000000000115,stop
2019-04-17,2019-04-24,-1,1.3045714716339112,1.2917459606183663,0.05,63.777555077724266,tp
2019-05-01,2019-05-03,1,1.3040449996566772,1.3174981782871302,0.05,66.91589315226517,tp
2019-05-09,2019-05-10,-1,1.3011422972106934,1.3027022972106934,0.2,-32.600000000000115,stop
2019-06-10,2019-06-11,1,1.2723570247268676,1.2693614543914216,0.1,-30.655703354460627,stop
2019-06-11,2019-06-12,-1,1.2690560440444947,1.2706160440444947,0.2,-32.600000000000115,stop
2019-06-12,2019-06-13,1,1.2725026984786987,1.2686186695393487,0.07,-27.678202575450182,stop
2019-06-14,2019-06-17,-1,1.2679456095123292,1.2642556095123292,0.2,72.39999999999941,tp
2019-06-20,2019-06-21,1,1.2657225509262084,1.2694125509262084,0.2,72.39999999999941,tp
2019-06-28,2019-07-01,-1,1.2676884750747681,1.2692484750747681,0.2,-32.600000000000115,stop
2019-07-01,2019-07-02,1,1.2695143600082397,1.2676696439981916,0.17,-32.55017217081766,stop
2019-07-02,2019-07-05,-1,1.2644023517990113,1.255084359319551,0.08,73.98393983568153,tp
2019-07-19,2019-07-22,1,1.2542457957839965,1.2526857957839965,0.2,-32.600000000000115,stop
2019-07-22,2019-07-23,-1,1.251222572746277,1.2452518659070044,0.12,70.80848207126972,tp
2019-08-19,2019-08-20,1,1.2161611695861816,1.2143628234610868,0.17,-31.761884126611164,stop
2019-08-20,2019-08-21,-1,1.2130906204605103,1.2146506204605103,0.2,-32.600000000000115,stop
2019-08-21,2019-08-22,1,1.2162943263626098,1.2129797934851545,0.09,-30.460795897097803,stop
2019-09-02,2019-09-03,-1,1.2158637861633301,1.211361974835251,0.16,70.90898124926449,tp
2019-09-05,2019-09-13,1,1.2249497552490234,1.2448897552490235,0.03,59.6100000000002,tp
2019-09-26,2019-10-01,-1,1.2358964304351807,1.223928047758016,0.06,71.39029606298894,tp
2019-10-11,2019-10-14,1,1.2433771272277832,1.2633171272277832,0.03,59.6100000000002,tp
2019-11-07,2019-11-08,-1,1.2856175522232056,1.2818059880329522,0.2,74.83128380506828,tp
2019-11-15,2019-11-18,1,1.2882384439086914,1.2930768113798288,0.16,76.29387953819867,tp
2019-11-25,2019-11-26,-1,1.2852871040725709,1.2892060489999846,0.08,-31.911559419309892,stop
2019-11-26,2019-11-27,1,1.289783515510559,1.288223515510559,0.21,-34.23000000000012,stop
2019-11-27,2019-11-28,-1,1.2860309700393677,1.2890339527671535,0.1,-30.729827277857634,stop
2019-11-28,2019-11-29,1,1.2930519958114624,1.2883441681867494,0.06,-28.66696574827801,stop
2019-12-18,2019-12-19,-1,1.3121554474258423,1.3081576861951878,0.19,74.62746338243625,tp
2019-12-30,2019-12-31,1,1.3092518230056762,1.3129418230056762,0.21,76.01999999999937,tp
2020-01-06,2020-01-07,-1,1.307950220527649,1.3117081978480598,0.08,-30.623818563286658,stop
2020-01-07,2020-01-08,1,1.317062534866333,1.3106266649394263,0.05,-32.5293496345335,stop
2020-01-09,2020-01-10,-1,1.3104530195617676,1.3067630195617677,0.21,76.01999999999937,tp
2020-01-23,2020-01-24,1,1.3145349402999877,1.3064749402999878,0.04,-32.519999999999825,stop
2020-01-27,2020-01-28,-1,1.3061221460723877,1.3024321460723878,0.21,76.01999999999937,tp
2020-01-31,2020-02-03,1,1.308960475502014,1.3054471860598116,0.09,-32.24960497982275,stop
2020-02-04,2020-02-14,-1,1.2996879438781739,1.3047424932098388,0.04,-20.49819732665975,ma_exit
2020-02-14,2020-02-18,1,1.3047424932098388,1.299985273177019,0.06,-28.963320196919184,stop
2020-02-19,2020-02-20,-1,1.3001609663391114,1.2964709663391114,0.21,76.01999999999937,tp
2020-02-26,2020-02-27,1,1.3003994603729248,1.2967984174634926,0.09,-33.03938618488976,stop
2020-02-27,2020-03-06,-1,1.290628991546631,1.2975076756554311,0.04,-27.79473643520086,stop
2020-03-06,2020-03-09,1,1.2951283832168579,1.307477394317796,0.06,73.67406660562865,tp
2020-03-11,2020-03-12,-1,1.2909122328186036,1.2840182217131038,0.11,75.06412216049789,tp
2020-03-27,2020-03-30,1,1.2201226134872436,1.2319138761889266,0.06,70.32757621009775,tp
2020-04-22,2020-04-23,-1,1.2298010210418702,1.2378610210418701,0.04,-32.519999999999825,stop
2020-04-28,2020-04-29,1,1.2423268933868408,1.2407668933868408,0.21,-34.23000000000012,stop
2020-05-06,2020-05-07,-1,1.2443602899932862,1.2406702899932862,0.21,76.01999999999937,tp
2020-05-27,2020-05-28,1,1.23356191116333,1.2257209222693919,0.04,-31.64395557575256,stop
2020-06-15,2020-06-16,-1,1.2508155922317505,1.2527679380776624,0.17,-34.37987938050166,stop
2020-06-16,2020-06-17,1,1.2638352294540405,1.2557752294540405,0.04,-32.519999999999825,stop
2020-06-18,2020-06-19,-1,1.255212150039673,1.251522150039673,0.21,76.01999999999937,tp
2020-07-03,2020-07-06,1,1.2467003245925903,1.2503903245925903,0.21,76.01999999999937,tp
2020-08-24,2020-08-25,-1,1.3093546251678467,1.3109708543323912,0.21,-35.41081245543479,stop
2020-08-26,2020-08-27,1,1.3152783294296264,1.3264274676807413,0.07,77.55396775780397,tp
2020-09-08,2020-09-09,-1,1.3161624292755127,1.2964314558122685,0.04,78.64389385297703,tp
2020-10-01,2020-10-02,1,1.2918160338973999,1.2857811061474607,0.05,-30.52463874969595,stop
2020-10-16,2020-10-19,-1,1.2901460747146607,1.2932858775048608,0.1,-32.09802790200097,stop
2020-10-20,2020-10-21,1,1.2949271579360961,1.298782263254851,0.2,75.7021063750954,tp
2020-10-29,2020-10-30,-1,1.2989281038665772,1.2952381038665772,0.22,79.63999999999935,tp
2020-11-04,2020-11-05,1,1.3122238298034667,1.3041638298034668,0.04,-32.519999999999825,stop
2020-11-05,2020-11-06,-1,1.2966204504394532,1.3001544025929521,0.09,-32.43556938149048,stop
2020-11-06,2020-11-23,1,1.3139995713806152,1.3339395713806153,0.04,79.48000000000027,tp
2020-12-11,2020-12-14,-1,1.3305058102035523,1.3364010959594859,0.05,-29.82642877966783,stop
2020-12-16,2020-12-21,1,1.3445074935531616,1.3364474935531616,0.04,-32.519999999999825,stop
2020-12-23,2020-12-24,-1,1.3398837665939332,1.3414437665939332,0.22,-35.86000000000013,stop
2020-12-24,2021-01-11,1,1.3505900283432006,1.3515653232955933,0.04,3.6211798095707204,ma_exit
2021-01-11,2021-01-12,-1,1.3515653232955933,1.3567548917345733,0.06,-31.55741063387998,stop
2021-01-13,2021-01-15,1,1.367113985595703,1.3590539855957031,0.04,-32.519999999999825,stop
2021-01-18,2021-01-19,-1,1.3574735741043091,1.3599314688464323,0.13,-32.86263164760176,stop
2021-01-20,2021-02-03,1,1.3644841094589233,1.365873656692505,0.06,7.91728340148987,ma_exit
2021-02-03,2021-02-04,-1,1.365873656692505,1.367433656692505,0.21,-34.23000000000012,stop
2021-02-05,2021-02-08,1,1.3676748653030395,1.3713648653030395,0.21,76.01999999999937,tp
2021-03-02,2021-03-03,-1,1.3928917269134522,1.395244300996541,0.14,-33.91603716324256,stop
2021-03-12,2021-03-15,1,1.3990527768707275,1.393827969598093,0.06,-31.768843635806476,stop
2021-03-15,2021-03-16,-1,1.3928917269134522,1.3885800903327123,0.18,76.34945845331734,tp
2021-03-18,2021-03-19,1,1.3976449151611328,1.393033973854387,0.07,-32.76658914721965,stop
2021-03-19,2021-03-22,-1,1.3924455265426636,1.3887555265426637,0.21,76.01999999999937,tp
2021-04-02,2021-04-05,1,1.383568563041687,1.3817841040247385,0.18,-33.38026230507226,stop
2021-04-08,2021-04-16,-1,1.3743215422058106,1.3823815422058106,0.04,-32.519999999999825,stop
2021-04-16,2021-04-19,1,1.3786098142242431,1.382299814224243,0.21,76.01999999999937,tp
2021-05-03,2021-05-04,-1,1.3819191078567505,1.3877780319410546,0.05,-29.644620421520536,stop
2021-05-04,2021-05-06,1,1.3904358525848388,1.3869857026008756,0.09,-31.681349855668813,stop
2021-06-04,2021-06-07,-1,1.4109344105148316,1.4157887281395718,0.06,-29.545905748441207,stop
2021-06-07,2021-06-08,1,1.4164907117462158,1.4149307117462158,0.21,-34.23000000000012,stop
2021-06-09,2021-06-10,-1,1.4149275640869141,1.4164875640869141,0.21,-34.23000000000012,stop
2021-06-11,2021-06-14,1,1.4170726914978027,1.4154659856847291,0.2,-33.53411626147078,stop
2021-06-14,2021-06-17,-1,1.411870799484253,1.401660622620335,0.07,70.98123804742606,tp
2021-07-12,2021-07-13,1,1.3900106330490112,1.3853737596449336,0.06,-28.241240424465545,stop
2021-07-14,2021-07-15,-1,1.3805452207946778,1.3858041921337507,0.06,-31.97382803443762,stop
2021-07-15,2021-07-16,1,1.385869302330017,1.384309302330017,0.2,-32.600000000000115,stop
2021-07-16,2021-07-19,-1,1.3829128364944459,1.3783677332936533,0.16,71.60165121268159,tp
2021-07-27,2021-07-29,1,1.3829753776168823,1.396431532480128,0.05,66.93077431622848,tp
2021-08-10,2021-08-11,-1,1.384847364845276,1.386407364845276,0.21,-34.23000000000012,stop
2021-08-12,2021-08-13,1,1.386753239212036,1.385193239212036,0.21,-34.23000000000012,stop
2021-08-13,2021-08-16,-1,1.3810982326889039,1.3866633886500932,0.05,-28.175779805946693,stop
2021-08-16,2021-08-17,1,1.386445679244995,1.384885679244995,0.2,-32.600000000000115,stop
2021-08-17,2021-08-18,-1,1.3842146019363404,1.3784266693213905,0.13,74.33312399434897,tp
2021-08-31,2021-09-01,1,1.376105823097229,1.374545823097229,0.2,-32.600000000000115,stop
2021-09-01,2021-09-02,-1,1.3752798656845093,1.3768398656845093,0.2,-32.600000000000115,stop
2021-09-02,2021-09-03,1,1.3772238870239257,1.3822756159652776,0.15,74.72593412027794,tp
2021-09-09,2021-09-10,-1,1.3767057279968262,1.3782657279968262,0.21,-34.23000000000012,stop
2021-09-10,2021-09-16,1,1.3840281148529052,1.3767983782998867,0.04,-29.198946212074027,stop
2021-09-17,2021-09-20,-1,1.379640541496277,1.375950541496277,0.2,72.39999999999941,tp
2021-10-14,2021-11-01,1,1.3669832130050659,1.36826594871521,0.04,4.85094284057658,ma_exit
2021-11-01,2021-11-04,-1,1.36826594871521,1.354866692420064,0.05,66.64628147572968,tp
2021-12-17,2021-12-20,1,1.3324339767074584,1.3261371588691944,0.05,-31.8340891913204,stop
2021-12-20,2021-12-22,-1,1.3228838066482544,1.3269248898787478,0.07,-28.777582613453433,stop
2021-12-22,2021-12-23,1,1.3270239015197753,1.331243096844087,0.18,74.68551583760853,tp
2022-01-21,2022-01-24,-1,1.3597071985626221,1.3560171985626222,0.21,76.01999999999937,tp
2022-02-03,2022-02-04,1,1.3565624137496948,1.3527669341156947,0.08,-30.92383707200052,stop
2022-02-07,2022-02-08,-1,1.3532847980880738,1.3548447980880738,0.21,-34.23000000000012,stop
2022-02-08,2022-02-09,1,1.3538407464599609,1.3575307464599609,0.21,76.01999999999937,tp
2022-02-24,2022-02-25,-1,1.3545130113983155,1.3499650818149351,0.17,76.12480291746596,tp
2022-03-23,2022-03-24,1,1.3267070432281494,1.3186470432281494,0.04,-32.519999999999825,stop
2022-03-29,2022-03-30,-1,1.3102984051132203,1.3167202745799438,0.05,-32.459347333617586,stop
2022-04-01,2022-04-04,1,1.314759649810791,1.313199649810791,0.21,-34.23000000000012,stop
2022-04-04,2022-04-05,-1,1.3103155712509156,1.314804453779047,0.07,-31.91217769692057,stop
2022-04-14,2022-04-15,1,1.312086023864746,1.3091740562942058,0.11,-32.80164327594266,stop
2022-04-15,2022-04-19,-1,1.3069415907287598,1.300715841807184,0.12,73.86898705890948,tp
2022-04-21,2022-04-22,1,1.3069420238113403,1.3053820238113403,0.21,-34.23000000000012,stop
2022-04-22,2022-04-25,-1,1.302566132965088,1.2930298473116228,0.08,75.73028522772074,tp
2022-05-18,2022-05-19,1,1.2484994311904907,1.2404394311904907,0.04,-32.519999999999825,stop
2022-05-19,2022-05-20,-1,1.2345231394195557,1.2406306795345818,0.05,-30.887700575130616,stop
2022-05-20,2022-05-27,1,1.2462746282196044,1.2660437971649126,0.03,59.097506835924335,tp
2022-06-02,2022-06-03,-1,1.2482547382736207,1.2504235954113914,0.15,-33.582857066560614,stop
2022-06-03,2022-06-06,1,1.2579849143600463,1.250191094156513,0.04,-31.455280814133012,stop
2022-06-06,2022-06-07,-1,1.249170146408081,1.2520906960927622,0.11,-32.89604653149254,stop
2022-06-07,2022-06-08,1,1.2524081845855712,1.2560981845855712,0.2,72.39999999999941,tp
2022-06-10,2022-06-13,-1,1.2492372612380982,1.23547385855811,0.05,68.46701339994107,tp
2022-07-20,2022-07-21,1,1.200410522994995,1.1982980059736674,0.15,-32.73775531991463,stop
2022-07-21,2022-07-22,-1,1.1971146683120728,1.1986746683120728,0.21,-34.23000000000012,stop
2022-07-22,2022-07-25,1,1.1996761937713623,1.1969579454248025,0.11,-30.670731812157356,stop
2022-08-08,2022-08-09,-1,1.2058926443481446,1.2087899283789514,0.11,-32.64012433887482,stop
2022-08-11,2022-08-12,1,1.2213595290756225,1.2132995290756226,0.03,-24.389999999999866,stop
2022-08-16,2022-08-17,-1,1.205630860748291,1.2132906584888887,0.04,-30.91919096239065,stop
2022-09-13,2022-09-14,1,1.1690354724502563,1.1631090404033082,0.05,-29.98216023474047,stop
2022-09-14,2022-09-22,-1,1.1505555729293824,1.1306155729293823,0.03,59.6100000000002,tp
2022-10-04,2022-10-05,1,1.1334741492843627,1.1254141492843628,0.03,-24.389999999999866,stop
2022-10-07,2022-10-10,-1,1.1161484341049195,1.1062471608283302,0.07,68.81891293612507,tp
2022-10-14,2022-10-17,1,1.1304505248641967,1.1223905248641968,0.03,-24.389999999999866,stop
2022-11-03,2022-11-04,-1,1.1383734564208985,1.1346834564208985,0.2,72.39999999999941,tp
2022-11-08,2022-11-09,1,1.1518550296401977,1.1437950296401977,0.03,-24.389999999999866,stop
2022-11-10,2022-11-11,-1,1.1367557863616944,1.1426671295315218,0.05,-29.906715849137218,stop
2022-11-11,2022-11-15,1,1.1696232934570312,1.1895632934570313,0.03,59.6100000000002,tp
2022-12-16,2022-12-19,-1,1.2188576082611084,1.2204176082611085,0.2,-32.600000000000115,stop
2023-01-09,2023-01-13,1,1.2116965432739257,1.2245913800389634,0.05,64.12418382518833,tp
2023-02-01,2023-02-02,-1,1.2308303932571412,1.2323903932571412,0.2,-32.600000000000115,stop
2023-02-02,2023-02-03,1,1.2390638967132568,1.2323084974841578,0.04,-27.30159691639583,stop
2023-02-03,2023-02-06,-1,1.2222395758056641,1.202299575805664,0.03,59.6100000000002,tp
2023-03-13,2023-03-21,1,1.2079936643218994,1.2279336643218994,0.03,59.6100000000002,tp
2023-04-17,2023-04-18,-1,1.2399578909301758,1.2415178909301758,0.2,-32.600000000000115,stop
2023-04-19,2023-04-20,1,1.2426047702407836,1.2410447702407836,0.2,-32.600000000000115,stop
2023-04-26,2023-04-27,-1,1.2414203504943848,1.2440984099060488,0.11,-30.2286535283039,stop
2023-04-27,2023-04-28,1,1.2472072024917602,1.2559314587840165,0.08,69.23405033805007,tp
2023-05-12,2023-05-16,-1,1.2507530073547364,1.2543726951905205,0.08,-29.51750268627317,stop
2023-06-01,2023-06-02,1,1.2447544713592529,1.248723925737736,0.19,74.08963319118027,tp
2023-06-05,2023-06-06,-1,1.2429636339569092,1.2445236339569092,0.21,-34.23000000000012,stop
2023-06-06,2023-06-07,1,1.2433771272277832,1.2418171272277831,0.2,-32.600000000000115,stop
2023-06-29,2023-06-30,-1,1.2641944507980347,1.2695487980836975,0.05,-27.121736428313763,stop
2023-07-03,2023-07-04,1,1.2693854947662353,1.2730754947662353,0.2,72.39999999999941,tp
2023-07-04,2023-07-05,-1,1.2692331890487671,1.2707931890487671,0.2,-32.600000000000115,stop
2023-07-05,2023-07-06,1,1.2718229671096801,1.2699338087927667,0.17,-33.30569138752757,stop
2023-07-06,2023-07-07,-1,1.2703942875289918,1.2719542875289918,0.2,-32.600000000000115,stop
2023-07-07,2023-07-10,1,1.2743349452590942,1.283560978673382,0.08,73.2482673143019,tp
2023-07-21,2023-07-26,-1,1.2871732334518433,1.2906804327443109,0.09,-32.194793632208096,stop
2023-07-27,2023-07-28,1,1.292784609375,1.2909677518534395,0.17,-32.076577866527934,stop
2023-07-28,2023-07-31,-1,1.2793176988983155,1.2873776988983154,0.03,-24.389999999999866,stop
2023-08-18,2023-08-21,1,1.275082268295288,1.273522268295288,0.2,-32.600000000000115,stop
2023-08-23,2023-08-24,-1,1.2730955700302125,1.2694055700302125,0.2,72.39999999999941,tp
2023-08-31,2023-09-01,1,1.271239437637329,1.2683021539873314,0.1,-30.0728364999768,stop
2023-09-01,2023-09-04,-1,1.2672226051712037,1.2635326051712037,0.2,72.39999999999941,tp
2023-10-09,2023-10-10,1,1.222150482711792,1.225840482711792,0.2,72.39999999999941,tp
2023-10-13,2023-10-17,-1,1.218263588371277,1.2212103982543945,0.08,-24.134479064940585,ma_exit
2023-10-17,2023-10-18,1,1.2212103982543945,1.2196503982543945,0.2,-32.600000000000115,stop
2023-10-18,2023-10-19,-1,1.2178184608840943,1.2116972094839888,0.12,72.61501680126531,tp
2023-10-24,2023-10-25,1,1.2250848193740844,1.2181683053583747,0.04,-27.946056062838785,stop
2023-10-25,2023-10-26,-1,1.216129980506897,1.2081948962266933,0.09,70.78575852183356,tp
2023-11-02,2023-11-03,1,1.218279757080078,1.2221408104134222,0.19,72.03001333353748,tp
2023-11-10,2023-11-13,-1,1.2216423372650147,1.2232023372650147,0.21,-34.23000000000012,stop
2023-11-13,2023-11-14,1,1.2228827853775024,1.2265727853775024,0.21,76.01999999999937,tp
2023-12-07,2023-12-08,-1,1.2558111767196656,1.2582226084026487,0.13,-32.258611878780016,stop
2023-12-08,2023-12-11,1,1.2590144057846069,1.2574544057846069,0.21,-34.23000000000012,stop
2023-12-11,2023-12-12,-1,1.2554170708084107,1.2594899383060405,0.07,-29.000072483408644,stop
2023-12-14,2023-12-15,1,1.2623515506362915,1.2698380145584243,0.1,74.16463922132814,tp
2024-01-03,2024-01-04,-1,1.2622474054718018,1.2702270423039277,0.03,-24.14891049637764,stop
2024-01-08,2024-01-09,1,1.271839179573059,1.2694330065937207,0.13,-32.19024873139812,stop
2024-01-16,2024-01-17,-1,1.2715574125671387,1.2678674125671388,0.2,72.39999999999941,tp
2024-01-25,2024-01-26,1,1.271936335144043,1.270376335144043,0.21,-34.23000000000012,stop
2024-01-29,2024-01-30,-1,1.2697007278823853,1.2712607278823853,0.2,-32.600000000000115,stop
2024-01-30,2024-01-31,1,1.2713864226913452,1.2698264226913452,0.2,-32.600000000000115,stop
2024-01-31,2024-02-01,-1,1.269491157951355,1.271051157951355,0.2,-32.600000000000115,stop
2024-02-02,2024-02-05,1,1.27478984790802,1.2700548674260836,0.06,-28.82988289161794,stop
2024-02-05,2024-02-21,-1,1.2621359447860718,1.2627978702163696,0.03,-2.1957762908932486,ma_exit
2024-02-21,2024-02-22,1,1.2627978702163696,1.2612378702163696,0.2,-32.600000000000115,stop
2024-03-01,2024-03-04,-1,1.2624865393066407,1.2640465393066407,0.2,-32.600000000000115,stop
2024-03-04,2024-03-05,1,1.26609102684021,1.272299856041561,0.11,67.52712121486243,tp
2024-03-18,2024-03-19,-1,1.2730793575668335,1.2693893575668336,0.2,72.39999999999941,tp
2024-03-21,2024-03-22,1,1.2798961778259277,1.2741325377009587,0.05,-29.16820062484497,stop
2024-03-22,2024-04-09,-1,1.2661313633346558,1.2659309287643432,0.03,0.39130371093780614,ma_exit
2024-04-09,2024-04-10,1,1.2659309287643432,1.2641550637308594,0.17,-31.379705569224846,stop
2024-04-11,2024-04-22,-1,1.2537012915039063,1.2337612915039062,0.03,59.6100000000002,tp
2024-04-26,2024-05-01,1,1.2509669442749023,1.248329718302384,0.11,-29.779485697700785,stop
2024-05-09,2024-05-10,-1,1.2492684940719605,1.2508284940719605,0.2,-32.600000000000115,stop
2024-05-10,2024-05-15,1,1.2526277680969238,1.2596765255036702,0.1,69.78757406746375,tp
2024-06-10,2024-06-11,-1,1.2728848080062867,1.274596446351526,0.18,-32.06949021430834,stop
2024-06-13,2024-06-14,1,1.27968327003479,1.2745483271885165,0.06,-31.22965707764083,stop
2024-06-17,2024-07-03,-1,1.2682512621307374,1.2759452506437508,0.03,-23.29196553904018,stop
2024-07-03,2024-07-04,1,1.2690955777740478,1.2727855777740478,0.2,72.39999999999941,tp
2024-07-26,2024-08-02,-1,1.2856175522232056,1.2743638556203387,0.06,67.10217961720141,tp
2024-08-14,2024-08-21,1,1.2867300887680053,1.3059380405043524,0.04,76.55180694538815,tp
2024-09-10,2024-09-13,-1,1.307078204574585,1.3131542405385022,0.05,-30.73017981958574,stop
2024-09-13,2024-09-16,1,1.3132921834564208,1.3169821834564208,0.2,72.39999999999941,tp
2024-10-02,2024-10-03,-1,1.327344260635376,1.323654260635376,0.2,72.39999999999941,tp
2024-10-30,2024-10-31,1,1.3014655490493774,1.2999055490493774,0.21,-34.23000000000012,stop
2024-10-31,2024-11-05,-1,1.295897922935486,1.3011008212178878,0.06,-31.63738969441168,stop
2024-11-06,2024-11-07,1,1.304419197616577,1.2972811130099937,0.04,-28.832338426333536,stop
2024-11-07,2024-11-08,-1,1.2882678131484986,1.2963278131484985,0.03,-24.389999999999866,stop
2024-11-08,2024-11-11,1,1.2982892175292968,1.2967292175292968,0.2,-32.600000000000115,stop
2024-11-11,2024-11-12,-1,1.2916459659957886,1.2780057876619533,0.05,67.85089166917676,tp
2024-11-29,2024-12-02,1,1.2697400231933593,1.2681800231933593,0.2,-32.600000000000115,stop
2024-12-03,2024-12-04,-1,1.265794835510254,1.2675921798644705,0.17,-31.7448540216809,stop
2024-12-04,2024-12-05,1,1.2674872060394287,1.2711772060394286,0.2,72.39999999999941,tp
2024-12-13,2024-12-17,-1,1.2676723818206788,1.270166242985969,0.12,-30.76633398348321,stop
2024-12-18,2024-12-19,1,1.2711440702056884,1.2695420729531293,0.19,-31.76794779862407,stop
2024-12-19,2024-12-25,-1,1.2567108492279053,1.2647708492279053,0.03,-24.389999999999866,stop
2025-01-22,2025-01-23,1,1.2335999389266967,1.2320399389266967,0.2,-32.600000000000115,stop
2025-01-23,2025-01-24,-1,1.2313608745956421,1.2329208745956421,0.2,-32.600000000000115,stop
2025-01-24,2025-01-27,1,1.2354514976119995,1.245758250707816,0.07,71.65727167071567,tp
2025-02-03,2025-02-04,-1,1.2291358332061768,1.2361454228936397,0.04,-28.318358749851612,stop
2025-02-04,2025-02-10,1,1.2432380099868774,1.2390974382781983,0.03,-12.63171512603729,ma_exit
2025-02-10,2025-02-11,-1,1.2390974382781983,1.2406574382781983,0.2,-32.600000000000115,stop
2025-02-12,2025-02-14,1,1.245219387588501,1.2579712346169236,0.05,63.40923514211345,tp
2025-03-27,2025-03-28,-1,1.2877037147903443,1.2934106462563848,0.05,-28.88465733020255,stop
2025-03-28,2025-03-31,1,1.295262612876892,1.2929504324745245,0.13,-30.96834523077855,stop
2025-04-01,2025-04-02,-1,1.2920298199081421,1.294235998352323,0.13,-29.59031977435193,stop
2025-04-03,2025-04-04,1,1.304691471633911,1.2966314716339111,0.03,-24.389999999999866,stop
2025-04-07,2025-04-08,-1,1.2910122494125367,1.276955576527542,0.05,69.9333644249734,tp
2025-04-11,2025-04-14,1,1.2992674489593505,1.3192074489593506,0.03,59.6100000000002,tp
2025-05-09,2025-05-12,-1,1.323479137840271,1.3299964752408393,0.04,-26.349349602273033,stop
2025-05-14,2025-05-15,1,1.3305018325424194,1.3289418325424194,0.19,-30.970000000000105,stop
2025-05-15,2025-05-16,-1,1.3262879471206666,1.329635763954245,0.09,-30.76035150220688,stop
2025-05-16,2025-05-19,1,1.3307496686553955,1.3348874537755293,0.17,69.1523470422755,tp
2025-06-18,2025-06-20,-1,1.3429429153823853,1.3510029153823853,0.03,-24.389999999999866,stop
2025-06-24,2025-06-25,1,1.3545964141464233,1.3632408032465186,0.08,68.5951128007628,tp
2025-07-08,2025-07-09,-1,1.362300715866089,1.358610715866089,0.2,72.39999999999941,tp
2025-07-24,2025-07-25,1,1.3580176015472412,1.3516376123939697,0.04,-25.7999566130857,stop
2025-07-25,2025-07-28,-1,1.3509443621063233,1.3472543621063233,0.2,72.39999999999941,tp
2025-08-08,2025-08-22,1,1.345212735710144,1.3418795685195923,0.03,-10.209501571654966,ma_exit
2025-08-22,2025-08-25,-1,1.3418795685195923,1.3452529471276187,0.09,-30.990407472237003,stop
2025-08-25,2025-08-26,1,1.35117403465271,1.3447186094223618,0.04,-26.101700921392577,stop
2025-08-26,2025-08-27,-1,1.345291815223694,1.346851815223694,0.2,-32.600000000000115,stop
2025-08-27,2025-08-28,1,1.3479323764419555,1.3520137822768798,0.17,68.19389919371369,tp
2025-09-03,2025-09-05,-1,1.3382876734161377,1.3463476734161377,0.03,-24.389999999999866,stop
2025-09-08,2025-09-09,1,1.3493509669876098,1.3531221087140337,0.19,70.32169280205409,tp
2025-09-22,2025-10-07,-1,1.3464148859405518,1.3485503573989868,0.03,-6.61641437530487,ma_exit
2025-10-07,2025-10-08,1,1.3485503573989868,1.3469903573989868,0.2,-32.600000000000115,stop
2025-10-08,2025-10-10,-1,1.3420416931533814,1.3278269980339363,0.05,70.72347559722533,tp
2025-10-16,2025-10-17,1,1.3405065913772582,1.3441965913772582,0.2,72.39999999999941,tp
2025-10-22,2025-10-28,-1,1.336463175239563,1.3273236424854415,0.08,72.55626203297193,tp
2025-11-26,2025-11-27,1,1.3159307618713378,1.3255692067896025,0.08,76.54755934611768,tp
2026-01-05,2026-01-06,-1,1.3437370876693726,1.3452970876693726,0.2,-32.600000000000115,stop
2026-01-06,2026-01-08,1,1.3534597535705566,1.3453997535705566,0.03,-24.389999999999866,stop
2026-01-08,2026-01-09,-1,1.3458712915802002,1.3421812915802003,0.2,72.39999999999941,tp
2026-01-13,2026-01-14,1,1.3466256042098999,1.3450656042098998,0.21,-34.23000000000012,stop
2026-01-14,2026-01-20,-1,1.3426183084869385,1.3464559705086663,0.08,-31.261296173821997,stop
2026-01-23,2026-01-26,1,1.3501888890838623,1.366610730846351,0.04,65.40736704995537,tp
2026-02-06,2026-02-09,-1,1.3520222525024415,1.3600822525024414,0.03,-24.389999999999866,stop
2026-02-10,2026-02-11,1,1.368404783782959,1.3626077505040932,0.05,-29.335166394328578,stop
2026-02-11,2026-02-12,-1,1.3633966068649293,1.3649566068649293,0.2,-32.600000000000115,stop
2026-03-20,2026-03-23,1,1.3426301856613159,1.335861191902887,0.04,-27.35597503371506,stop
2026-03-23,2026-03-24,-1,1.3330955128097535,1.3366820341957142,0.08,-29.25217108768573,stop
2026-03-24,2026-03-26,1,1.342486061630249,1.3354577914084644,0.04,-28.393080887138154,stop
2026-03-26,2026-03-27,-1,1.336302361907959,1.332612361907959,0.2,72.39999999999941,tp
2026-04-08,2026-04-30,1,1.3402371783828735,1.3487996677780152,0.03,25.47746818542511,ma_exit
2026-04-30,2026-05-01,-1,1.3487996677780152,1.3503596677780152,0.2,-32.600000000000115,stop
2026-05-01,2026-05-05,1,1.3603266854858398,1.3522666854858398,0.03,-24.389999999999866,stop
2026-05-13,2026-05-14,-1,1.3536401609802247,1.3490880192707735,0.16,71.71426735121878,tp
2026-05-25,2026-05-26,1,1.3482231278991699,1.3466631278991699,0.2,-32.600000000000115,stop
2026-05-27,2026-05-28,-1,1.345472774925232,1.339434608787541,0.12,71.6179936522911,tp
2026-06-02,2026-06-03,1,1.3460601945495605,1.3445001945495605,0.2,-32.600000000000115,stop
2026-06-03,2026-06-04,-1,1.3453641752624512,1.3416741752624513,0.2,72.39999999999941,tp
2026-06-12,2026-06-15,1,1.341441549835205,1.345131549835205,0.2,72.39999999999941,tp
2026-06-18,2026-07-02,-1,1.3300633053207398,1.3381233053207398,0.03,-24.389999999999866,stop
2026-07-02,2026-07-03,1,1.3279930730438232,1.3316830730438232,0.2,72.39999999999941,tp
